,date,county,state,total_cases,new_cases,delta7,delta14
0,2020-03-11,baltimore,maryland,1,,,
1,2020-03-12,baltimore,maryland,1,0,,
2,2020-03-13,baltimore,maryland,2,1,,
3,2020-03-14,baltimore,maryland,3,1,,
4,2020-03-15,baltimore,maryland,3,0,,
5,2020-03-16,baltimore,maryland,4,1,,
6,2020-03-17,baltimore,maryland,4,0,,
7,2020-03-18,baltimore,maryland,7,3,6,
8,2020-03-19,baltimore,maryland,13,6,12,
9,2020-03-20,baltimore,maryland,13,0,11,
10,2020-03-21,baltimore,maryland,19,6,16,
11,2020-03-22,baltimore,maryland,28,9,25,
12,2020-03-23,baltimore,maryland,35,7,31,
13,2020-03-24,baltimore,maryland,42,7,38,
14,2020-03-25,baltimore,maryland,51,9,44,50
15,2020-03-26,baltimore,maryland,81,30,68,80
16,2020-03-27,baltimore,maryland,103,22,90,101
17,2020-03-28,baltimore,maryland,141,38,122,138
18,2020-03-29,baltimore,maryland,162,21,134,159
19,2020-03-30,baltimore,maryland,186,24,151,182
20,2020-03-31,baltimore,maryland,227,41,185,223
21,2020-04-01,baltimore,maryland,289,62,238,282
22,2020-04-02,baltimore,maryland,353,64,272,340
23,2020-04-03,baltimore,maryland,427,74,324,414
24,2020-04-04,baltimore,maryland,491,64,350,472
25,2020-04-05,baltimore,maryland,590,99,428,562
26,2020-04-06,baltimore,maryland,648,58,462,613
27,2020-04-07,baltimore,maryland,652,4,425,610
28,2020-04-08,baltimore,maryland,866,214,577,815
29,2020-04-09,baltimore,maryland,979,113,626,898
30,2020-04-10,baltimore,maryland,1072,93,645,969
31,2020-04-11,baltimore,maryland,1173,101,682,1032
32,2020-04-12,baltimore,maryland,1257,84,667,1095
33,2020-04-13,baltimore,maryland,1361,104,713,1175
34,2020-04-14,baltimore,maryland,1377,16,725,1150
35,2020-04-15,baltimore,maryland,1490,113,624,1201
36,2020-04-16,baltimore,maryland,1522,32,543,1169
37,2020-04-17,baltimore,maryland,1576,54,504,1149
38,2020-04-18,baltimore,maryland,1671,95,498,1180
39,2020-04-19,baltimore,maryland,1739,68,482,1149
40,2020-04-20,baltimore,maryland,1881,142,520,1233
41,2020-04-21,baltimore,maryland,1932,51,555,1280
42,2020-04-22,baltimore,maryland,2021,89,531,1155
43,2020-04-23,baltimore,maryland,2141,120,619,1162
44,2020-04-24,baltimore,maryland,2243,102,667,1171
45,2020-04-25,baltimore,maryland,2397,154,726,1224
46,2020-04-26,baltimore,maryland,2519,122,780,1262
47,2020-04-27,baltimore,maryland,2559,40,678,1198
48,2020-04-28,baltimore,maryland,2644,85,712,1267
49,2020-04-29,baltimore,maryland,2754,110,733,1264
50,2020-04-30,baltimore,maryland,2844,90,703,1322
51,2020-05-01,baltimore,maryland,3026,182,783,1450
52,2020-05-02,baltimore,maryland,3197,171,800,1526
53,2020-05-03,baltimore,maryland,3315,118,796,1576
54,2020-05-04,baltimore,maryland,3463,148,904,1582
55,2020-05-05,baltimore,maryland,3445,-18,801,1513
56,2020-05-06,baltimore,maryland,3541,96,787,1520
57,2020-05-07,baltimore,maryland,3676,135,832,1535
58,2020-05-08,baltimore,maryland,3778,102,752,1535
59,2020-05-09,baltimore,maryland,3753,-25,556,1356
60,2020-05-10,baltimore,maryland,3878,125,563,1359
61,2020-05-11,baltimore,maryland,3964,86,501,1405
62,2020-05-12,baltimore,maryland,4067,103,622,1423
63,2020-05-13,baltimore,maryland,4175,108,634,1421
64,2020-05-14,baltimore,maryland,4306,131,630,1462
65,2020-05-15,baltimore,maryland,4416,110,638,1390
66,2020-05-16,baltimore,maryland,4566,150,813,1369
67,2020-05-17,baltimore,maryland,4642,76,764,1327
68,2020-05-18,baltimore,maryland,4767,125,803,1304
69,2020-05-19,baltimore,maryland,4936,169,869,1491
70,2020-05-20,baltimore,maryland,5041,105,866,1500
71,2020-05-21,baltimore,maryland,5150,109,844,1474
72,2020-05-22,baltimore,maryland,5185,35,769,1407
73,2020-05-23,baltimore,maryland,5305,120,739,1552
74,2020-05-24,baltimore,maryland,5388,83,746,1510
75,2020-05-25,baltimore,maryland,5491,103,724,1527
76,2020-05-26,baltimore,maryland,5513,22,577,1446
77,2020-05-27,baltimore,maryland,5578,65,537,1403
78,2020-05-28,baltimore,maryland,5693,115,543,1387
79,2020-05-29,baltimore,maryland,5835,142,650,1419
80,2020-05-30,baltimore,maryland,5970,135,665,1404
81,2020-05-31,baltimore,maryland,6080,110,692,1438
82,2020-06-01,baltimore,maryland,6315,235,824,1548
83,2020-06-02,baltimore,maryland,6401,86,888,1465
84,2020-06-03,baltimore,maryland,6473,72,895,1432
85,2020-06-04,baltimore,maryland,6492,19,799,1342
86,2020-06-05,baltimore,maryland,6606,114,771,1421
87,2020-06-06,baltimore,maryland,6713,107,743,1408
88,2020-06-07,baltimore,maryland,6770,57,690,1382
89,2020-06-08,baltimore,maryland,6831,61,516,1340
90,2020-06-09,baltimore,maryland,6871,40,470,1358
91,2020-06-10,baltimore,maryland,6935,64,462,1357
92,2020-06-11,baltimore,maryland,7005,70,513,1312
93,2020-06-12,baltimore,maryland,7071,66,465,1236
94,2020-06-13,baltimore,maryland,7128,57,415,1158
95,2020-06-14,baltimore,maryland,7172,44,402,1092
96,2020-06-15,baltimore,maryland,7220,48,389,905
97,2020-06-16,baltimore,maryland,7269,49,398,868
98,2020-06-17,baltimore,maryland,7350,81,415,877
99,2020-06-18,baltimore,maryland,7393,43,388,901
100,2020-06-19,baltimore,maryland,7425,32,354,819
101,2020-06-20,baltimore,maryland,7502,77,374,789
102,2020-06-21,baltimore,maryland,7560,58,388,790
103,2020-06-22,baltimore,maryland,7608,48,388,777
104,2020-06-23,baltimore,maryland,7658,50,389,787
105,2020-06-24,baltimore,maryland,7675,17,325,740
106,2020-06-25,baltimore,maryland,7732,57,339,727
107,2020-06-26,baltimore,maryland,7790,58,365,719
108,2020-06-27,baltimore,maryland,7822,32,320,694
109,2020-06-28,baltimore,maryland,7869,47,309,697
110,2020-06-29,baltimore,maryland,7951,82,343,731
111,2020-06-30,baltimore,maryland,8007,56,349,738
112,2020-07-01,baltimore,maryland,8062,55,387,712
113,2020-07-02,baltimore,maryland,8126,64,394,733
114,2020-07-03,baltimore,maryland,8204,78,414,779
115,2020-07-04,baltimore,maryland,8255,51,433,753
116,2020-07-05,baltimore,maryland,8306,51,437,746
117,2020-07-06,baltimore,maryland,8356,50,405,748
118,2020-07-07,baltimore,maryland,8402,46,395,744
119,2020-07-08,baltimore,maryland,8464,62,402,789
120,2020-07-09,baltimore,maryland,8518,54,392,786
121,2020-07-10,baltimore,maryland,8603,85,399,813
122,2020-07-11,baltimore,maryland,8698,95,443,876
123,2020-07-12,baltimore,maryland,8819,121,513,950
124,2020-07-13,baltimore,maryland,8914,95,558,963
125,2020-07-14,baltimore,maryland,9012,98,610,1005
126,2020-07-15,baltimore,maryland,9175,163,711,1113
127,2020-07-16,baltimore,maryland,9283,108,765,1157
128,2020-07-17,baltimore,maryland,9398,115,795,1194
129,2020-07-18,baltimore,maryland,9537,139,839,1282
130,2020-07-19,baltimore,maryland,9743,206,924,1437
131,2020-07-20,baltimore,maryland,9848,105,934,1492
132,2020-07-21,baltimore,maryland,10014,166,1002,1612
133,2020-07-22,baltimore,maryland,10173,159,998,1709
134,2020-07-23,baltimore,maryland,10365,192,1082,1847
135,2020-07-24,baltimore,maryland,10540,175,1142,1937
136,2020-07-25,baltimore,maryland,10813,273,1276,2115
137,2020-07-26,baltimore,maryland,10944,131,1201,2125
138,2020-07-27,baltimore,maryland,11144,200,1296,2230
139,2020-07-28,baltimore,maryland,11274,130,1260,2262
140,2020-07-29,baltimore,maryland,11445,171,1272,2270
141,2020-07-30,baltimore,maryland,11637,192,1272,2354
142,2020-07-31,baltimore,maryland,11840,203,1300,2442
143,2020-08-01,baltimore,maryland,12019,179,1206,2482
144,2020-08-02,baltimore,maryland,12197,178,1253,2454
145,2020-08-03,baltimore,maryland,12423,226,1279,2575
146,2020-08-04,baltimore,maryland,12547,124,1273,2533
147,2020-08-05,baltimore,maryland,12688,141,1243,2515
148,2020-08-06,baltimore,maryland,12799,111,1162,2434
149,2020-08-07,baltimore,maryland,12937,138,1097,2397
150,2020-08-08,baltimore,maryland,13082,145,1063,2269
151,2020-08-09,baltimore,maryland,13279,197,1082,2335
152,2020-08-10,baltimore,maryland,13422,143,999,2278
153,2020-08-11,baltimore,maryland,13396,-26,849,2122
154,2020-08-12,baltimore,maryland,13485,89,797,2040
155,2020-08-13,baltimore,maryland,13615,130,816,1978
156,2020-08-14,baltimore,maryland,13722,107,785,1882
157,2020-08-15,baltimore,maryland,13870,148,788,1851
158,2020-08-16,baltimore,maryland,13964,94,685,1767
159,2020-08-17,baltimore,maryland,14066,102,644,1643
160,2020-08-18,baltimore,maryland,14139,73,743,1592
161,2020-08-19,baltimore,maryland,14203,64,718,1515
162,2020-08-20,baltimore,maryland,14350,147,735,1551
163,2020-08-21,baltimore,maryland,14494,144,772,1557
164,2020-08-22,baltimore,maryland,14608,114,738,1526
165,2020-08-23,baltimore,maryland,14716,108,752,1437
166,2020-08-24,baltimore,maryland,14811,95,745,1389
167,2020-08-25,baltimore,maryland,14846,35,707,1450
168,2020-08-26,baltimore,maryland,14936,90,733,1451
169,2020-08-27,baltimore,maryland,15067,131,717,1452
170,2020-08-28,baltimore,maryland,15172,105,678,1450
171,2020-08-29,baltimore,maryland,15297,125,689,1427
172,2020-08-30,baltimore,maryland,15405,108,689,1441
173,2020-08-31,baltimore,maryland,15502,97,691,1436
174,2020-09-01,baltimore,maryland,15616,114,770,1477
175,2020-09-02,baltimore,maryland,15688,72,752,1485
176,2020-09-03,baltimore,maryland,15848,160,781,1498
177,2020-09-04,baltimore,maryland,15982,134,810,1488
178,2020-09-05,baltimore,maryland,16104,122,807,1496
179,2020-09-06,baltimore,maryland,16206,102,801,1490
180,2020-09-07,baltimore,maryland,16325,119,823,1514
181,2020-09-08,baltimore,maryland,16370,45,754,1524
182,2020-09-09,baltimore,maryland,16405,35,717,1469
183,2020-09-10,baltimore,maryland,16464,59,616,1397
184,2020-09-11,baltimore,maryland,16543,79,561,1371
185,2020-09-12,baltimore,maryland,16671,128,567,1374
186,2020-09-13,baltimore,maryland,16747,76,541,1342
187,2020-09-14,baltimore,maryland,16820,73,495,1318
188,2020-09-15,baltimore,maryland,16928,108,558,1312
189,2020-09-16,baltimore,maryland,17188,260,783,1500
190,2020-09-17,baltimore,maryland,17244,56,780,1396
191,2020-09-18,baltimore,maryland,17311,67,768,1329
192,2020-09-19,baltimore,maryland,17388,77,717,1284
193,2020-09-20,baltimore,maryland,17446,58,699,1240
194,2020-09-21,baltimore,maryland,17509,63,689,1184
195,2020-09-22,baltimore,maryland,17546,37,618,1176
196,2020-09-23,baltimore,maryland,17603,57,415,1198
197,2020-09-24,baltimore,maryland,17678,75,434,1214
198,2020-09-25,baltimore,maryland,17743,65,432,1200
199,2020-09-26,baltimore,maryland,17805,62,417,1134
200,2020-09-27,baltimore,maryland,17860,55,414,1113
201,2020-09-28,baltimore,maryland,17925,65,416,1105
202,2020-09-29,baltimore,maryland,17962,37,416,1034
203,2020-09-30,baltimore,maryland,18017,55,414,829
204,2020-10-01,baltimore,maryland,18171,154,493,927
205,2020-10-02,baltimore,maryland,18236,65,493,925
206,2020-10-03,baltimore,maryland,18308,72,503,920
207,2020-10-04,baltimore,maryland,18377,69,517,931
208,2020-10-05,baltimore,maryland,18432,55,507,923
209,2020-10-06,baltimore,maryland,18478,46,516,932
210,2020-10-07,baltimore,maryland,18545,67,528,942
211,2020-10-08,baltimore,maryland,18691,146,520,1013
212,2020-10-09,baltimore,maryland,18815,124,579,1072
213,2020-10-10,baltimore,maryland,18910,95,602,1105
214,2020-10-11,baltimore,maryland,18997,87,620,1137
215,2020-10-12,baltimore,maryland,19066,69,634,1141
216,2020-10-13,baltimore,maryland,19125,59,647,1163
217,2020-10-14,baltimore,maryland,19199,74,654,1182
218,2020-10-15,baltimore,maryland,19298,99,607,1127
219,2020-10-16,baltimore,maryland,19426,128,611,1190
220,2020-10-17,baltimore,maryland,19517,91,607,1209
221,2020-10-18,baltimore,maryland,19588,71,591,1211
222,2020-10-19,baltimore,maryland,19669,81,603,1237
223,2020-10-20,baltimore,maryland,19772,103,647,1294
224,2020-10-21,baltimore,maryland,19822,50,623,1277
225,2020-10-22,baltimore,maryland,19920,98,622,1229
226,2020-10-23,baltimore,maryland,20003,83,577,1188
227,2020-10-24,baltimore,maryland,20131,128,614,1221
228,2020-10-25,baltimore,maryland,20231,100,643,1234
229,2020-10-26,baltimore,maryland,20296,65,627,1230
230,2020-10-27,baltimore,maryland,20442,146,670,1317
231,2020-10-28,baltimore,maryland,20533,91,711,1334
232,2020-10-29,baltimore,maryland,20693,160,773,1395
233,2020-10-30,baltimore,maryland,20890,197,887,1464
234,2020-10-31,baltimore,maryland,21040,150,909,1523
235,2020-11-01,baltimore,maryland,21218,178,987,1630
236,2020-11-02,baltimore,maryland,21373,155,1077,1704
237,2020-11-03,baltimore,maryland,21502,129,1060,1730
238,2020-11-04,baltimore,maryland,21628,126,1095,1806
239,2020-11-05,baltimore,maryland,21818,190,1125,1898
240,2020-11-06,baltimore,maryland,22069,251,1179,2066
241,2020-11-07,baltimore,maryland,22290,221,1250,2159
242,2020-11-08,baltimore,maryland,22451,161,1233,2220
243,2020-11-09,baltimore,maryland,22692,241,1319,2396
244,2020-11-10,baltimore,maryland,22888,196,1386,2446
245,2020-11-11,baltimore,maryland,23128,240,1500,2595
246,2020-11-12,baltimore,maryland,23416,288,1598,2723
247,2020-11-13,baltimore,maryland,23706,290,1637,2816
248,2020-11-14,baltimore,maryland,24037,331,1747,2997
249,2020-11-15,baltimore,maryland,24309,272,1858,3091
250,2020-11-16,baltimore,maryland,24618,309,1926,3245
251,2020-11-17,baltimore,maryland,24921,303,2033,3419
252,2020-11-18,baltimore,maryland,25277,356,2149,3649
253,2020-11-19,baltimore,maryland,25777,500,2361,3959
254,2020-11-20,baltimore,maryland,26112,335,2406,4043
255,2020-11-21,baltimore,maryland,26607,495,2570,4317
256,2020-11-22,baltimore,maryland,26991,384,2682,4540
257,2020-11-23,baltimore,maryland,27247,256,2629,4555
258,2020-11-24,baltimore,maryland,27427,180,2506,4539
259,2020-11-25,baltimore,maryland,27805,378,2528,4677
260,2020-11-26,baltimore,maryland,28171,366,2394,4755
261,2020-11-27,baltimore,maryland,28529,358,2417,4823
262,2020-11-28,baltimore,maryland,28777,248,2170,4740
263,2020-11-29,baltimore,maryland,29033,256,2042,4724
264,2020-11-30,baltimore,maryland,29340,307,2093,4722
265,2020-12-01,baltimore,maryland,29670,330,2243,4749
266,2020-12-02,baltimore,maryland,29922,252,2117,4645
267,2020-12-03,baltimore,maryland,30213,291,2042,4436
268,2020-12-04,baltimore,maryland,30697,484,2168,4585
269,2020-12-05,baltimore,maryland,31103,406,2326,4496
270,2020-03-12,essex,new jersey,1,,,
271,2020-03-13,essex,new jersey,6,5,,
272,2020-03-14,essex,new jersey,7,1,,
273,2020-03-15,essex,new jersey,11,4,,
274,2020-03-16,essex,new jersey,20,9,,
275,2020-03-17,essex,new jersey,32,12,,
276,2020-03-18,essex,new jersey,45,13,,
277,2020-03-19,essex,new jersey,63,18,62,
278,2020-03-20,essex,new jersey,73,10,67,
279,2020-03-21,essex,new jersey,107,34,100,
280,2020-03-22,essex,new jersey,172,65,161,
281,2020-03-23,essex,new jersey,273,101,253,
282,2020-03-24,essex,new jersey,342,69,310,
283,2020-03-25,essex,new jersey,381,39,336,
284,2020-03-26,essex,new jersey,609,228,546,608
285,2020-03-27,essex,new jersey,826,217,753,820
286,2020-03-28,essex,new jersey,1086,260,979,1079
287,2020-03-29,essex,new jersey,1227,141,1055,1216
288,2020-03-30,essex,new jersey,1564,337,1291,1544
289,2020-03-31,essex,new jersey,1900,336,1558,1868
290,2020-04-01,essex,new jersey,2262,362,1881,2217
291,2020-04-02,essex,new jersey,2617,355,2008,2554
292,2020-04-03,essex,new jersey,3067,450,2241,2994
293,2020-04-04,essex,new jersey,3584,517,2498,3477
294,2020-04-05,essex,new jersey,4082,498,2855,3910
295,2020-04-06,essex,new jersey,4493,411,2929,4220
296,2020-04-07,essex,new jersey,5078,585,3178,4736
297,2020-04-08,essex,new jersey,5598,520,3336,5217
298,2020-04-09,essex,new jersey,6069,471,3452,5460
299,2020-04-10,essex,new jersey,6580,511,3513,5754
300,2020-04-11,essex,new jersey,7007,427,3423,5921
301,2020-04-12,essex,new jersey,7410,403,3328,6183
302,2020-04-13,essex,new jersey,7634,224,3141,6070
303,2020-04-14,essex,new jersey,8212,578,3134,6312
304,2020-04-15,essex,new jersey,8579,367,2981,6317
305,2020-04-16,essex,new jersey,9084,505,3015,6467
306,2020-04-17,essex,new jersey,9672,588,3092,6605
307,2020-04-18,essex,new jersey,9901,229,2894,6317
308,2020-04-19,essex,new jersey,10304,403,2894,6222
309,2020-04-20,essex,new jersey,10729,425,3095,6236
310,2020-04-21,essex,new jersey,11128,399,2916,6050
311,2020-04-22,essex,new jersey,11387,259,2808,5789
312,2020-04-23,essex,new jersey,11811,424,2727,5742
313,2020-04-24,essex,new jersey,12110,299,2438,5530
314,2020-04-25,essex,new jersey,12520,410,2619,5513
315,2020-04-26,essex,new jersey,12863,343,2559,5453
316,2020-04-27,essex,new jersey,13047,184,2318,5413
317,2020-04-28,essex,new jersey,13190,143,2062,4978
318,2020-04-29,essex,new jersey,13445,255,2058,4866
319,2020-04-30,essex,new jersey,13682,237,1871,4598
320,2020-05-01,essex,new jersey,13994,312,1884,4322
321,2020-05-02,essex,new jersey,14248,254,1728,4347
322,2020-05-03,essex,new jersey,14521,273,1658,4217
323,2020-05-04,essex,new jersey,14621,100,1574,3892
324,2020-05-05,essex,new jersey,14840,219,1650,3712
325,2020-05-06,essex,new jersey,14951,111,1506,3564
326,2020-05-07,essex,new jersey,15095,144,1413,3284
327,2020-05-08,essex,new jersey,15256,161,1262,3146
328,2020-05-09,essex,new jersey,15365,109,1117,2845
329,2020-05-10,essex,new jersey,15524,159,1003,2661
330,2020-05-11,essex,new jersey,15602,78,981,2555
331,2020-05-12,essex,new jersey,15658,56,818,2468
332,2020-05-13,essex,new jersey,15749,91,798,2304
333,2020-05-14,essex,new jersey,15824,75,729,2142
334,2020-05-15,essex,new jersey,15953,129,697,1959
335,2020-05-16,essex,new jersey,16032,79,667,1784
336,2020-05-17,essex,new jersey,16140,108,616,1619
337,2020-05-18,essex,new jersey,16600,460,998,1979
338,2020-05-19,essex,new jersey,16686,86,1028,1846
339,2020-05-20,essex,new jersey,16852,166,1103,1901
340,2020-05-21,essex,new jersey,16906,54,1082,1811
341,2020-05-22,essex,new jersey,17014,108,1061,1758
342,2020-05-23,essex,new jersey,17065,51,1033,1700
343,2020-05-24,essex,new jersey,17142,77,1002,1618
344,2020-05-25,essex,new jersey,17202,60,602,1600
345,2020-05-26,essex,new jersey,17255,53,569,1597
346,2020-05-27,essex,new jersey,17338,83,486,1589
347,2020-05-28,essex,new jersey,17450,112,544,1626
348,2020-05-29,essex,new jersey,17546,96,532,1593
349,2020-05-30,essex,new jersey,17594,48,529,1562
350,2020-05-31,essex,new jersey,17629,35,487,1489
351,2020-06-01,essex,new jersey,17695,66,493,1095
352,2020-06-02,essex,new jersey,17752,57,497,1066
353,2020-06-03,essex,new jersey,17811,59,473,959
354,2020-06-04,essex,new jersey,17912,101,462,1006
355,2020-06-05,essex,new jersey,18019,107,473,1005
356,2020-06-06,essex,new jersey,18066,47,472,1001
357,2020-06-07,essex,new jersey,18077,11,448,935
358,2020-06-08,essex,new jersey,18117,40,422,915
359,2020-06-09,essex,new jersey,18151,34,399,896
360,2020-06-10,essex,new jersey,18206,55,395,868
361,2020-06-11,essex,new jersey,18234,28,322,784
362,2020-06-12,essex,new jersey,18295,61,276,749
363,2020-06-13,essex,new jersey,18336,41,270,742
364,2020-06-14,essex,new jersey,18364,28,287,735
365,2020-06-15,essex,new jersey,18375,11,258,680
366,2020-06-16,essex,new jersey,18388,13,237,636
367,2020-06-17,essex,new jersey,18421,33,215,610
368,2020-06-18,essex,new jersey,18499,78,265,587
369,2020-06-19,essex,new jersey,18533,34,238,514
370,2020-06-20,essex,new jersey,18515,-18,179,449
371,2020-06-21,essex,new jersey,18551,36,187,474
372,2020-06-22,essex,new jersey,18578,27,203,461
373,2020-06-23,essex,new jersey,18592,14,204,441
374,2020-06-24,essex,new jersey,18617,25,196,411
375,2020-06-25,essex,new jersey,18874,257,375,640
376,2020-06-26,essex,new jersey,18903,29,370,608
377,2020-06-27,essex,new jersey,18933,30,418,597
378,2020-06-28,essex,new jersey,18953,20,402,589
379,2020-06-29,essex,new jersey,18968,15,390,593
380,2020-06-30,essex,new jersey,18995,27,403,607
381,2020-07-01,essex,new jersey,19008,13,391,587
382,2020-07-02,essex,new jersey,19045,37,171,546
383,2020-07-03,essex,new jersey,19083,38,180,550
384,2020-07-04,essex,new jersey,19100,17,167,585
385,2020-07-05,essex,new jersey,19128,28,175,577
386,2020-07-06,essex,new jersey,19136,8,168,558
387,2020-07-07,essex,new jersey,19159,23,164,567
388,2020-07-08,essex,new jersey,19161,2,153,544
389,2020-07-09,essex,new jersey,19177,16,132,303
390,2020-07-10,essex,new jersey,19203,26,120,300
391,2020-07-11,essex,new jersey,19237,34,137,304
392,2020-07-12,essex,new jersey,19257,20,129,304
393,2020-07-13,essex,new jersey,19288,31,152,320
394,2020-07-14,essex,new jersey,19307,19,148,312
395,2020-07-15,essex,new jersey,19355,48,194,347
396,2020-07-16,essex,new jersey,19374,19,197,329
397,2020-07-17,essex,new jersey,19366,-8,163,283
398,2020-07-18,essex,new jersey,19360,-6,123,260
399,2020-07-19,essex,new jersey,19360,0,103,232
400,2020-07-20,essex,new jersey,19376,16,88,240
401,2020-07-21,essex,new jersey,19408,32,101,249
402,2020-07-22,essex,new jersey,19420,12,65,259
403,2020-07-23,essex,new jersey,19445,25,71,268
404,2020-07-24,essex,new jersey,19475,30,109,272
405,2020-07-25,essex,new jersey,19510,35,150,273
406,2020-07-26,essex,new jersey,19557,47,197,300
407,2020-07-27,essex,new jersey,19582,25,206,294
408,2020-07-28,essex,new jersey,19623,41,215,316
409,2020-07-29,essex,new jersey,19671,48,251,316
410,2020-07-30,essex,new jersey,19684,13,239,310
411,2020-07-31,essex,new jersey,19731,47,256,365
412,2020-08-01,essex,new jersey,19748,17,238,388
413,2020-08-02,essex,new jersey,19769,21,212,409
414,2020-08-03,essex,new jersey,19801,32,219,425
415,2020-08-04,essex,new jersey,19831,30,208,423
416,2020-08-05,essex,new jersey,19850,19,179,430
417,2020-08-06,essex,new jersey,19883,33,199,438
418,2020-08-07,essex,new jersey,19925,42,194,450
419,2020-08-08,essex,new jersey,19954,29,206,444
420,2020-08-09,essex,new jersey,19967,13,198,410
421,2020-08-10,essex,new jersey,19986,19,185,404
422,2020-08-11,essex,new jersey,20015,29,184,392
423,2020-08-12,essex,new jersey,20047,32,197,376
424,2020-08-13,essex,new jersey,20074,27,191,390
425,2020-08-14,essex,new jersey,20104,30,179,373
426,2020-08-15,essex,new jersey,20145,41,191,397
427,2020-08-16,essex,new jersey,20161,16,194,392
428,2020-08-17,essex,new jersey,20172,11,186,371
429,2020-08-18,essex,new jersey,20235,63,220,404
430,2020-08-19,essex,new jersey,20270,35,223,420
431,2020-08-20,essex,new jersey,20267,-3,193,384
432,2020-08-21,essex,new jersey,20286,19,182,361
433,2020-08-22,essex,new jersey,20322,36,177,368
434,2020-08-23,essex,new jersey,20346,24,185,379
435,2020-08-24,essex,new jersey,20365,19,193,379
436,2020-08-25,essex,new jersey,20393,28,158,378
437,2020-08-26,essex,new jersey,20412,19,142,365
438,2020-08-27,essex,new jersey,20448,36,181,374
439,2020-08-28,essex,new jersey,20489,41,203,385
440,2020-08-29,essex,new jersey,20505,16,183,360
441,2020-08-30,essex,new jersey,20530,25,184,369
442,2020-08-31,essex,new jersey,20553,23,188,381
443,2020-09-01,essex,new jersey,20597,44,204,362
444,2020-09-02,essex,new jersey,20621,24,209,351
445,2020-09-03,essex,new jersey,20636,15,188,369
446,2020-09-04,essex,new jersey,20692,56,203,406
447,2020-09-05,essex,new jersey,20717,25,212,395
448,2020-09-06,essex,new jersey,20734,17,204,388
449,2020-09-07,essex,new jersey,20757,23,204,392
450,2020-09-08,essex,new jersey,20774,17,177,381
451,2020-09-09,essex,new jersey,20803,29,182,391
452,2020-09-10,essex,new jersey,20820,17,184,372
453,2020-09-11,essex,new jersey,20835,15,143,346
454,2020-09-12,essex,new jersey,20862,27,145,357
455,2020-09-13,essex,new jersey,20886,24,152,356
456,2020-09-14,essex,new jersey,20898,12,141,345
457,2020-09-15,essex,new jersey,20931,33,157,334
458,2020-09-16,essex,new jersey,20952,21,149,331
459,2020-09-17,essex,new jersey,20978,26,158,342
460,2020-09-18,essex,new jersey,21002,24,167,310
461,2020-09-19,essex,new jersey,21032,30,170,315
462,2020-09-20,essex,new jersey,21062,30,176,328
463,2020-09-21,essex,new jersey,21083,21,185,326
464,2020-09-22,essex,new jersey,21103,20,172,329
465,2020-09-23,essex,new jersey,21128,25,176,325
466,2020-09-24,essex,new jersey,21157,29,179,337
467,2020-09-25,essex,new jersey,21184,27,182,349
468,2020-09-26,essex,new jersey,21254,70,222,392
469,2020-09-27,essex,new jersey,21284,30,222,398
470,2020-09-28,essex,new jersey,21300,16,217,402
471,2020-09-29,essex,new jersey,21321,21,218,390
472,2020-09-30,essex,new jersey,21350,29,222,398
473,2020-10-01,essex,new jersey,21386,36,229,408
474,2020-10-02,essex,new jersey,21430,44,246,428
475,2020-10-03,essex,new jersey,21489,59,235,457
476,2020-10-04,essex,new jersey,21559,70,275,497
477,2020-10-05,essex,new jersey,21594,35,294,511
478,2020-10-06,essex,new jersey,21636,42,315,533
479,2020-10-07,essex,new jersey,21682,46,332,554
480,2020-10-08,essex,new jersey,21768,86,382,611
481,2020-10-09,essex,new jersey,21837,69,407,653
482,2020-10-10,essex,new jersey,21918,81,429,664
483,2020-10-11,essex,new jersey,21989,71,430,705
484,2020-10-12,essex,new jersey,22050,61,456,750
485,2020-10-13,essex,new jersey,22142,92,506,821
486,2020-10-14,essex,new jersey,22248,106,566,898
487,2020-10-15,essex,new jersey,22359,111,591,973
488,2020-10-16,essex,new jersey,22457,98,620,1027
489,2020-10-17,essex,new jersey,22575,118,657,1086
490,2020-10-18,essex,new jersey,22709,134,720,1150
491,2020-10-19,essex,new jersey,22855,146,805,1261
492,2020-10-20,essex,new jersey,22965,110,823,1329
493,2020-10-21,essex,new jersey,23107,142,859,1425
494,2020-10-22,essex,new jersey,23298,191,939,1530
495,2020-10-23,essex,new jersey,23483,185,1026,1646
496,2020-10-24,essex,new jersey,23839,356,1264,1921
497,2020-10-25,essex,new jersey,24001,162,1292,2012
498,2020-10-26,essex,new jersey,24161,160,1306,2111
499,2020-10-27,essex,new jersey,24407,246,1442,2265
500,2020-10-28,essex,new jersey,24685,278,1578,2437
501,2020-10-29,essex,new jersey,24939,254,1641,2580
502,2020-10-30,essex,new jersey,25200,261,1717,2743
503,2020-10-31,essex,new jersey,25347,147,1508,2772
504,2020-11-01,essex,new jersey,25522,175,1521,2813
505,2020-11-02,essex,new jersey,25667,145,1506,2812
506,2020-11-03,essex,new jersey,25926,259,1519,2961
507,2020-11-04,essex,new jersey,26283,357,1598,3176
508,2020-11-05,essex,new jersey,26545,262,1606,3247
509,2020-11-06,essex,new jersey,26838,293,1638,3355
510,2020-11-07,essex,new jersey,27200,362,1853,3361
511,2020-11-08,essex,new jersey,27456,256,1934,3455
512,2020-11-09,essex,new jersey,27632,176,1965,3471
513,2020-11-10,essex,new jersey,28321,689,2395,3914
514,2020-11-11,essex,new jersey,28681,360,2398,3996
515,2020-11-12,essex,new jersey,29102,421,2557,4163
516,2020-11-13,essex,new jersey,29446,344,2608,4246
517,2020-11-14,essex,new jersey,30102,656,2902,4755
518,2020-11-15,essex,new jersey,30446,344,2990,4924
519,2020-11-16,essex,new jersey,30653,207,3021,4986
520,2020-11-17,essex,new jersey,31010,357,2689,5084
521,2020-11-18,essex,new jersey,31398,388,2717,5115
522,2020-11-19,essex,new jersey,31791,393,2689,5246
523,2020-11-20,essex,new jersey,32132,341,2686,5294
524,2020-11-21,essex,new jersey,32671,539,2569,5471
525,2020-11-22,essex,new jersey,33008,337,2562,5552
526,2020-11-23,essex,new jersey,33318,310,2665,5686
527,2020-11-24,essex,new jersey,33703,385,2693,5382
528,2020-11-25,essex,new jersey,34063,360,2665,5382
529,2020-11-26,essex,new jersey,34388,325,2597,5286
530,2020-11-27,essex,new jersey,34711,323,2579,5265
531,2020-11-28,essex,new jersey,34865,154,2194,4763
532,2020-11-29,essex,new jersey,35274,409,2266,4828
533,2020-11-30,essex,new jersey,35591,317,2273,4938
534,2020-12-01,essex,new jersey,36021,430,2318,5011
535,2020-12-02,essex,new jersey,36315,294,2252,4917
536,2020-12-03,essex,new jersey,36787,472,2399,4996
537,2020-12-04,essex,new jersey,37367,580,2656,5235
538,2020-12-05,essex,new jersey,37969,602,3104,5298
539,2020-01-24,cook,illinois,1,,,
540,2020-01-25,cook,illinois,1,0,,
541,2020-01-26,cook,illinois,1,0,,
542,2020-01-27,cook,illinois,1,0,,
543,2020-01-28,cook,illinois,1,0,,
544,2020-01-29,cook,illinois,1,0,,
545,2020-01-30,cook,illinois,2,1,,
546,2020-01-31,cook,illinois,2,0,1,
547,2020-02-01,cook,illinois,2,0,1,
548,2020-02-02,cook,illinois,2,0,1,
549,2020-02-03,cook,illinois,2,0,1,
550,2020-02-04,cook,illinois,2,0,1,
551,2020-02-05,cook,illinois,2,0,1,
552,2020-02-06,cook,illinois,2,0,0,
553,2020-02-07,cook,illinois,2,0,0,1
554,2020-02-08,cook,illinois,2,0,0,1
555,2020-02-09,cook,illinois,2,0,0,1
556,2020-02-10,cook,illinois,2,0,0,1
557,2020-02-11,cook,illinois,2,0,0,1
558,2020-02-12,cook,illinois,2,0,0,1
559,2020-02-13,cook,illinois,2,0,0,0
560,2020-02-14,cook,illinois,2,0,0,0
561,2020-02-15,cook,illinois,2,0,0,0
562,2020-02-16,cook,illinois,2,0,0,0
563,2020-02-17,cook,illinois,2,0,0,0
564,2020-02-18,cook,illinois,2,0,0,0
565,2020-02-19,cook,illinois,2,0,0,0
566,2020-02-20,cook,illinois,2,0,0,0
567,2020-02-21,cook,illinois,2,0,0,0
568,2020-02-22,cook,illinois,2,0,0,0
569,2020-02-23,cook,illinois,2,0,0,0
570,2020-02-24,cook,illinois,2,0,0,0
571,2020-02-25,cook,illinois,2,0,0,0
572,2020-02-26,cook,illinois,2,0,0,0
573,2020-02-27,cook,illinois,2,0,0,0
574,2020-02-28,cook,illinois,2,0,0,0
575,2020-02-29,cook,illinois,3,1,1,1
576,2020-03-01,cook,illinois,3,0,1,1
577,2020-03-02,cook,illinois,4,1,2,2
578,2020-03-03,cook,illinois,4,0,2,2
579,2020-03-04,cook,illinois,4,0,2,2
580,2020-03-05,cook,illinois,5,1,3,3
581,2020-03-06,cook,illinois,6,1,4,4
582,2020-03-07,cook,illinois,6,0,3,4
583,2020-03-08,cook,illinois,7,1,4,5
584,2020-03-09,cook,illinois,11,4,7,9
585,2020-03-10,cook,illinois,17,6,13,15
586,2020-03-11,cook,illinois,22,5,18,20
587,2020-03-12,cook,illinois,27,5,22,25
588,2020-03-13,cook,illinois,40,13,34,38
589,2020-03-14,cook,illinois,51,11,45,48
590,2020-03-15,cook,illinois,76,25,69,73
591,2020-03-16,cook,illinois,76,0,65,72
592,2020-03-17,cook,illinois,107,31,90,103
593,2020-03-18,cook,illinois,179,72,157,175
594,2020-03-19,cook,illinois,279,100,252,274
595,2020-03-20,cook,illinois,412,133,372,406
596,2020-03-21,cook,illinois,548,136,497,542
597,2020-03-22,cook,illinois,805,257,729,798
598,2020-03-23,cook,illinois,922,117,846,911
599,2020-03-24,cook,illinois,1194,272,1087,1177
600,2020-03-25,cook,illinois,1418,224,1239,1396
601,2020-03-26,cook,illinois,1904,486,1625,1877
602,2020-03-27,cook,illinois,2239,335,1827,2199
603,2020-03-28,cook,illinois,2613,374,2065,2562
604,2020-03-29,cook,illinois,3445,832,2640,3369
605,2020-03-30,cook,illinois,3727,282,2805,3651
606,2020-03-31,cook,illinois,4496,769,3302,4389
607,2020-04-01,cook,illinois,5152,656,3734,4973
608,2020-04-02,cook,illinois,5575,423,3671,5296
609,2020-04-03,cook,illinois,6473,898,4234,6061
610,2020-04-04,cook,illinois,7439,966,4826,6891
611,2020-04-05,cook,illinois,8043,604,4598,7238
612,2020-04-06,cook,illinois,8728,685,5001,7806
613,2020-04-07,cook,illinois,9509,781,5013,8315
614,2020-04-08,cook,illinois,10520,1011,5368,9102
615,2020-04-09,cook,illinois,11415,895,5840,9511
616,2020-04-10,cook,illinois,12472,1057,5999,10233
617,2020-04-11,cook,illinois,13417,945,5978,10804
618,2020-04-12,cook,illinois,14585,1168,6542,11140
619,2020-04-13,cook,illinois,15474,889,6746,11747
620,2020-04-14,cook,illinois,16323,849,6814,11827
621,2020-04-15,cook,illinois,17306,983,6786,12154
622,2020-04-16,cook,illinois,18087,781,6672,12512
623,2020-04-17,cook,illinois,19391,1304,6919,12918
624,2020-04-18,cook,illinois,20395,1004,6978,12956
625,2020-04-19,cook,illinois,21272,877,6687,13229
626,2020-04-20,cook,illinois,22101,829,6627,13373
627,2020-04-21,cook,illinois,23181,1080,6858,13672
628,2020-04-22,cook,illinois,24546,1365,7240,14026
629,2020-04-23,cook,illinois,25811,1265,7724,14396
630,2020-04-24,cook,illinois,27616,1805,8225,15144
631,2020-04-25,cook,illinois,29058,1442,8663,15641
632,2020-04-26,cook,illinois,30574,1516,9302,15989
633,2020-04-27,cook,illinois,31953,1379,9852,16479
634,2020-04-28,cook,illinois,33449,1496,10268,17126
635,2020-04-29,cook,illinois,34880,1431,10334,17574
636,2020-04-30,cook,illinois,36513,1633,10702,18426
637,2020-05-01,cook,illinois,38668,2155,11052,19277
638,2020-05-02,cook,illinois,40227,1559,11169,19832
639,2020-05-03,cook,illinois,42324,2097,11750,21052
640,2020-05-04,cook,illinois,43715,1391,11762,21614
641,2020-05-05,cook,illinois,45223,1508,11774,22042
642,2020-05-06,cook,illinois,46689,1466,11809,22143
643,2020-05-07,cook,illinois,48341,1652,11828,22530
644,2020-05-08,cook,illinois,50236,1895,11568,22620
645,2020-05-09,cook,illinois,51674,1438,11447,22616
646,2020-05-10,cook,illinois,52655,981,10331,22081
647,2020-05-11,cook,illinois,53381,726,9666,21428
648,2020-05-12,cook,illinois,55470,2089,10247,22021
649,2020-05-13,cook,illinois,56406,936,9717,21526
650,2020-05-14,cook,illinois,58457,2051,10116,21944
651,2020-05-15,cook,illinois,59905,1448,9669,21237
652,2020-05-16,cook,illinois,61212,1307,9538,20985
653,2020-05-17,cook,illinois,62218,1006,9563,19894
654,2020-05-18,cook,illinois,63690,1472,10309,19975
655,2020-05-19,cook,illinois,64691,1001,9221,19468
656,2020-05-20,cook,illinois,66213,1522,9807,19524
657,2020-05-21,cook,illinois,67551,1338,9094,19210
658,2020-05-22,cook,illinois,68949,1398,9044,18713
659,2020-05-23,cook,illinois,70417,1468,9205,18743
660,2020-05-24,cook,illinois,72010,1593,9792,19355
661,2020-05-25,cook,illinois,73097,1087,9407,19716
662,2020-05-26,cook,illinois,73819,722,9128,18349
663,2020-05-27,cook,illinois,74521,702,8308,18115
664,2020-05-28,cook,illinois,75306,785,7755,16849
665,2020-05-29,cook,illinois,76266,960,7317,16361
666,2020-05-30,cook,illinois,77119,853,6702,15907
667,2020-05-31,cook,illinois,77925,806,5915,15707
668,2020-06-01,cook,illinois,78495,570,5398,14805
669,2020-06-02,cook,illinois,79673,1178,5854,14982
670,2020-06-03,cook,illinois,80204,531,5683,13991
671,2020-06-04,cook,illinois,80713,509,5407,13162
672,2020-06-05,cook,illinois,81344,631,5078,12395
673,2020-06-06,cook,illinois,81924,580,4805,11507
674,2020-06-07,cook,illinois,82427,503,4502,10417
675,2020-06-08,cook,illinois,82819,392,4324,9722
676,2020-06-09,cook,illinois,83271,452,3598,9452
677,2020-06-10,cook,illinois,83585,314,3381,9064
678,2020-06-11,cook,illinois,83978,393,3265,8672
679,2020-06-12,cook,illinois,84249,271,2905,7983
680,2020-06-13,cook,illinois,84581,332,2657,7462
681,2020-06-14,cook,illinois,84906,325,2479,6981
682,2020-06-15,cook,illinois,85184,278,2365,6689
683,2020-06-16,cook,illinois,85538,354,2267,5865
684,2020-06-17,cook,illinois,85858,320,2273,5654
685,2020-06-18,cook,illinois,86179,321,2201,5466
686,2020-06-19,cook,illinois,86551,372,2302,5207
687,2020-06-20,cook,illinois,86885,334,2304,4961
688,2020-06-21,cook,illinois,87177,292,2271,4750
689,2020-06-22,cook,illinois,87424,247,2240,4605
690,2020-06-23,cook,illinois,87784,360,2246,4513
691,2020-06-24,cook,illinois,88138,354,2280,4553
692,2020-06-25,cook,illinois,88650,512,2471,4672
693,2020-06-26,cook,illinois,89068,418,2517,4819
694,2020-06-27,cook,illinois,89407,339,2522,4826
695,2020-06-28,cook,illinois,89755,348,2578,4849
696,2020-06-29,cook,illinois,90122,367,2698,4938
697,2020-06-30,cook,illinois,90536,414,2752,4998
698,2020-07-01,cook,illinois,90911,375,2773,5053
699,2020-07-02,cook,illinois,91381,470,2731,5202
700,2020-07-03,cook,illinois,91774,393,2706,5223
701,2020-07-04,cook,illinois,92240,466,2833,5355
702,2020-07-05,cook,illinois,92532,292,2777,5355
703,2020-07-06,cook,illinois,92781,249,2659,5357
704,2020-07-07,cook,illinois,93053,272,2517,5269
705,2020-07-08,cook,illinois,93496,443,2585,5358
706,2020-07-09,cook,illinois,94005,509,2624,5355
707,2020-07-10,cook,illinois,94605,600,2831,5537
708,2020-07-11,cook,illinois,95138,533,2898,5731
709,2020-07-12,cook,illinois,95557,419,3025,5802
710,2020-07-13,cook,illinois,95884,327,3103,5762
711,2020-07-14,cook,illinois,96186,302,3133,5650
712,2020-07-15,cook,illinois,96662,476,3166,5751
713,2020-07-16,cook,illinois,97214,552,3209,5833
714,2020-07-17,cook,illinois,97790,576,3185,6016
715,2020-07-18,cook,illinois,98292,502,3154,6052
716,2020-07-19,cook,illinois,98670,378,3113,6138
717,2020-07-20,cook,illinois,99052,382,3168,6271
718,2020-07-21,cook,illinois,99464,412,3278,6411
719,2020-07-22,cook,illinois,100124,660,3462,6628
720,2020-07-23,cook,illinois,100795,671,3581,6790
721,2020-07-24,cook,illinois,101420,625,3630,6815
722,2020-07-25,cook,illinois,101955,535,3663,6817
723,2020-07-26,cook,illinois,102583,628,3913,7026
724,2020-07-27,cook,illinois,103008,425,3956,7124
725,2020-07-28,cook,illinois,103441,433,3977,7255
726,2020-07-29,cook,illinois,104001,560,3877,7339
727,2020-07-30,cook,illinois,104691,690,3896,7477
728,2020-07-31,cook,illinois,105493,802,4073,7703
729,2020-08-01,cook,illinois,106131,638,4176,7839
730,2020-08-02,cook,illinois,106713,582,4130,8043
731,2020-08-03,cook,illinois,107247,534,4239,8195
732,2020-08-04,cook,illinois,107744,497,4303,8280
733,2020-08-05,cook,illinois,108425,681,4424,8301
734,2020-08-06,cook,illinois,109150,725,4459,8355
735,2020-08-07,cook,illinois,110002,852,4509,8582
736,2020-08-08,cook,illinois,110865,863,4734,8910
737,2020-08-09,cook,illinois,111447,582,4734,8864
738,2020-08-10,cook,illinois,111948,501,4701,8940
739,2020-08-11,cook,illinois,112485,537,4741,9044
740,2020-08-12,cook,illinois,113045,560,4620,9044
741,2020-08-13,cook,illinois,113796,751,4646,9105
742,2020-08-14,cook,illinois,114724,928,4722,9231
743,2020-08-15,cook,illinois,115344,620,4479,9213
744,2020-08-16,cook,illinois,115960,616,4513,9247
745,2020-08-17,cook,illinois,116620,660,4672,9373
746,2020-08-18,cook,illinois,117171,551,4686,9427
747,2020-08-19,cook,illinois,118012,841,4967,9587
748,2020-08-20,cook,illinois,118757,745,4961,9607
749,2020-08-21,cook,illinois,119644,887,4920,9642
750,2020-08-22,cook,illinois,120567,923,5223,9702
751,2020-08-23,cook,illinois,121308,741,5348,9861
752,2020-08-24,cook,illinois,121894,586,5274,9946
753,2020-08-25,cook,illinois,122423,529,5252,9938
754,2020-08-26,cook,illinois,123172,749,5160,10127
755,2020-08-27,cook,illinois,123691,519,4934,9895
756,2020-08-28,cook,illinois,124573,882,4929,9849
757,2020-08-29,cook,illinois,125124,551,4557,9780
758,2020-08-30,cook,illinois,126003,879,4695,10043
759,2020-08-31,cook,illinois,126577,574,4683,9957
760,2020-09-01,cook,illinois,126992,415,4569,9821
761,2020-09-02,cook,illinois,127616,624,4444,9604
762,2020-09-03,cook,illinois,128012,396,4321,9255
763,2020-09-04,cook,illinois,129545,1533,4972,9901
764,2020-09-05,cook,illinois,130616,1071,5492,10049
765,2020-09-06,cook,illinois,131078,462,5075,9770
766,2020-09-07,cook,illinois,131622,544,5045,9728
767,2020-09-08,cook,illinois,132079,457,5087,9656
768,2020-09-09,cook,illinois,132401,322,4785,9229
769,2020-09-10,cook,illinois,132966,565,4954,9275
770,2020-09-11,cook,illinois,133686,720,4141,9113
771,2020-09-12,cook,illinois,134352,666,3736,9228
772,2020-09-13,cook,illinois,134801,449,3723,8798
773,2020-09-14,cook,illinois,135274,473,3652,8697
774,2020-09-15,cook,illinois,135690,416,3611,8698
775,2020-09-16,cook,illinois,136246,556,3845,8630
776,2020-09-17,cook,illinois,136993,747,4027,8981
777,2020-09-18,cook,illinois,137580,587,3894,8035
778,2020-09-19,cook,illinois,138576,996,4224,7960
779,2020-09-20,cook,illinois,139088,512,4287,8010
780,2020-09-21,cook,illinois,139597,509,4323,7975
781,2020-09-22,cook,illinois,140078,481,4388,7999
782,2020-09-23,cook,illinois,140623,545,4377,8222
783,2020-09-24,cook,illinois,141430,807,4437,8464
784,2020-09-25,cook,illinois,142215,785,4635,8529
785,2020-09-26,cook,illinois,143084,869,4508,8732
786,2020-09-27,cook,illinois,143634,550,4546,8833
787,2020-09-28,cook,illinois,144315,681,4718,9041
788,2020-09-29,cook,illinois,144697,382,4619,9007
789,2020-09-30,cook,illinois,145462,765,4839,9216
790,2020-10-01,cook,illinois,146152,690,4722,9159
791,2020-10-02,cook,illinois,146917,765,4702,9337
792,2020-10-03,cook,illinois,147841,924,4757,9265
793,2020-10-04,cook,illinois,148381,540,4747,9293
794,2020-10-05,cook,illinois,149127,746,4812,9530
795,2020-10-06,cook,illinois,149588,461,4891,9510
796,2020-10-07,cook,illinois,150400,812,4938,9777
797,2020-10-08,cook,illinois,151474,1074,5322,10044
798,2020-10-09,cook,illinois,152387,913,5470,10172
799,2020-10-10,cook,illinois,153514,1127,5673,10430
800,2020-10-11,cook,illinois,154519,1005,6138,10885
801,2020-10-12,cook,illinois,155567,1048,6440,11252
802,2020-10-13,cook,illinois,156726,1159,7138,12029
803,2020-10-14,cook,illinois,157573,847,7173,12111
804,2020-10-15,cook,illinois,159035,1462,7561,12883
805,2020-10-16,cook,illinois,160645,1610,8258,13728
806,2020-10-17,cook,illinois,162220,1575,8706,14379
807,2020-10-18,cook,illinois,163912,1692,9393,15531
808,2020-10-19,cook,illinois,165198,1286,9631,16071
809,2020-10-20,cook,illinois,166457,1259,9731,16869
810,2020-10-21,cook,illinois,168139,1682,10566,17739
811,2020-10-22,cook,illinois,170039,1900,11004,18565
812,2020-10-23,cook,illinois,171437,1398,10792,19050
813,2020-10-24,cook,illinois,173817,2380,11597,20303
814,2020-10-25,cook,illinois,175586,1769,11674,21067
815,2020-10-26,cook,illinois,177465,1879,12267,21898
816,2020-10-27,cook,illinois,178832,1367,12375,22106
817,2020-10-28,cook,illinois,181108,2276,12969,23535
818,2020-10-29,cook,illinois,183649,2541,13610,24614
819,2020-10-30,cook,illinois,186405,2756,14968,25760
820,2020-10-31,cook,illinois,186405,0,12588,24185
821,2020-11-01,cook,illinois,193102,6697,17516,29190
822,2020-11-02,cook,illinois,195740,2638,18275,30542
823,2020-11-03,cook,illinois,198184,2444,19352,31727
824,2020-11-04,cook,illinois,201176,2992,20068,33037
825,2020-11-05,cook,illinois,204977,3801,21328,34938
826,2020-11-06,cook,illinois,210266,5289,23861,38829
827,2020-11-07,cook,illinois,214924,4658,28519,41107
828,2020-11-08,cook,illinois,218662,3738,25560,43076
829,2020-11-09,cook,illinois,223110,4448,27370,45645
830,2020-11-10,cook,illinois,227425,4315,29241,48593
831,2020-11-11,cook,illinois,231462,4037,30286,50354
832,2020-11-12,cook,illinois,236717,5255,31740,53068
833,2020-11-13,cook,illinois,242662,5945,32396,56257
834,2020-11-14,cook,illinois,246392,3730,31468,59987
835,2020-11-15,cook,illinois,251101,4709,32439,57999
836,2020-11-16,cook,illinois,255608,4507,32498,59868
837,2020-11-17,cook,illinois,260004,4396,32579,61820
838,2020-11-18,cook,illinois,262429,2425,30967,61253
839,2020-11-19,cook,illinois,268284,5855,31567,63307
840,2020-11-20,cook,illinois,272733,4449,30071,62467
841,2020-11-21,cook,illinois,277026,4293,30634,62102
842,2020-11-22,cook,illinois,280896,3870,29795,62234
843,2020-11-23,cook,illinois,284217,3321,28609,61107
844,2020-11-24,cook,illinois,287124,2907,27120,59699
845,2020-11-25,cook,illinois,291312,4188,28883,59850
846,2020-11-26,cook,illinois,296129,4817,27845,59412
847,2020-11-27,cook,illinois,298870,2741,26137,56208
848,2020-11-28,cook,illinois,301582,2712,24556,55190
849,2020-11-29,cook,illinois,304220,2638,23324,53119
850,2020-11-30,cook,illinois,306369,2149,22152,50761
851,2020-12-01,cook,illinois,310722,4353,23598,50718
852,2020-12-02,cook,illinois,314134,3412,22822,51705
853,2020-12-03,cook,illinois,318324,4190,22195,50040
854,2020-12-04,cook,illinois,322122,3798,23252,49389
855,2020-12-05,cook,illinois,325813,3691,24231,48787
856,2020-03-09,union,new jersey,1,,,
857,2020-03-10,union,new jersey,1,0,,
858,2020-03-11,union,new jersey,1,0,,
859,2020-03-12,union,new jersey,1,0,,
860,2020-03-13,union,new jersey,1,0,,
861,2020-03-14,union,new jersey,1,0,,
862,2020-03-15,union,new jersey,4,3,,
863,2020-03-16,union,new jersey,8,4,7,
864,2020-03-17,union,new jersey,22,14,21,
865,2020-03-18,union,new jersey,26,4,25,
866,2020-03-19,union,new jersey,29,3,28,
867,2020-03-20,union,new jersey,43,14,42,
868,2020-03-21,union,new jersey,81,38,80,
869,2020-03-22,union,new jersey,124,43,120,
870,2020-03-23,union,new jersey,189,65,181,188
871,2020-03-24,union,new jersey,246,57,224,245
872,2020-03-25,union,new jersey,262,16,236,261
873,2020-03-26,union,new jersey,432,170,403,431
874,2020-03-27,union,new jersey,519,87,476,518
875,2020-03-28,union,new jersey,742,223,661,741
876,2020-03-29,union,new jersey,896,154,772,892
877,2020-03-30,union,new jersey,1213,317,1024,1205
878,2020-03-31,union,new jersey,1418,205,1172,1396
879,2020-04-01,union,new jersey,1661,243,1399,1635
880,2020-04-02,union,new jersey,2010,349,1578,1981
881,2020-04-03,union,new jersey,2487,477,1968,2444
882,2020-04-04,union,new jersey,2916,429,2174,2835
883,2020-04-05,union,new jersey,3216,300,2320,3092
884,2020-04-06,union,new jersey,3685,469,2472,3496
885,2020-04-07,union,new jersey,4358,673,2940,4112
886,2020-04-08,union,new jersey,4831,473,3170,4569
887,2020-04-09,union,new jersey,5203,372,3193,4771
888,2020-04-10,union,new jersey,5575,372,3088,5056
889,2020-04-11,union,new jersey,5865,290,2949,5123
890,2020-04-12,union,new jersey,6180,315,2964,5284
891,2020-04-13,union,new jersey,6636,456,2951,5423
892,2020-04-14,union,new jersey,7265,629,2907,5847
893,2020-04-15,union,new jersey,7438,173,2607,5777
894,2020-04-16,union,new jersey,7904,466,2701,5894
895,2020-04-17,union,new jersey,8429,525,2854,5942
896,2020-04-18,union,new jersey,8959,530,3094,6043
897,2020-04-19,union,new jersey,9609,650,3429,6393
898,2020-04-20,union,new jersey,9972,363,3336,6287
899,2020-04-21,union,new jersey,10289,317,3024,5931
900,2020-04-22,union,new jersey,10484,195,3046,5653
901,2020-04-23,union,new jersey,10935,451,3031,5732
902,2020-04-24,union,new jersey,11208,273,2779,5633
903,2020-04-25,union,new jersey,11523,315,2564,5658
904,2020-04-26,union,new jersey,11853,330,2244,5673
905,2020-04-27,union,new jersey,12011,158,2039,5375
906,2020-04-28,union,new jersey,12188,177,1899,4923
907,2020-04-29,union,new jersey,12380,192,1896,4942
908,2020-04-30,union,new jersey,12578,198,1643,4674
909,2020-05-01,union,new jersey,12779,201,1571,4350
910,2020-05-02,union,new jersey,12996,217,1473,4037
911,2020-05-03,union,new jersey,13225,229,1372,3616
912,2020-05-04,union,new jersey,13357,132,1346,3385
913,2020-05-05,union,new jersey,13503,146,1315,3214
914,2020-05-06,union,new jersey,13604,101,1224,3120
915,2020-05-07,union,new jersey,13781,177,1203,2846
916,2020-05-08,union,new jersey,13917,136,1138,2709
917,2020-05-09,union,new jersey,13984,67,988,2461
918,2020-05-10,union,new jersey,14057,73,832,2204
919,2020-05-11,union,new jersey,14164,107,807,2153
920,2020-05-12,union,new jersey,14203,39,700,2015
921,2020-05-13,union,new jersey,14306,103,702,1926
922,2020-05-14,union,new jersey,14385,79,604,1807
923,2020-05-15,union,new jersey,14492,107,575,1713
924,2020-05-16,union,new jersey,14569,77,585,1573
925,2020-05-17,union,new jersey,14702,133,645,1477
926,2020-05-18,union,new jersey,14903,201,739,1546
927,2020-05-19,union,new jersey,15031,128,828,1528
928,2020-05-20,union,new jersey,15122,91,816,1518
929,2020-05-21,union,new jersey,15176,54,791,1395
930,2020-05-22,union,new jersey,15191,15,699,1274
931,2020-05-23,union,new jersey,15186,-5,617,1202
932,2020-05-24,union,new jersey,15169,-17,467,1112
933,2020-05-25,union,new jersey,15218,49,315,1054
934,2020-05-26,union,new jersey,15293,75,262,1090
935,2020-05-27,union,new jersey,15324,31,202,1018
936,2020-05-28,union,new jersey,15475,151,299,1090
937,2020-05-29,union,new jersey,15610,135,419,1118
938,2020-05-30,union,new jersey,15764,154,578,1195
939,2020-05-31,union,new jersey,15821,57,652,1119
940,2020-06-01,union,new jersey,15858,37,640,955
941,2020-06-02,union,new jersey,15868,10,575,837
942,2020-06-03,union,new jersey,15911,43,587,789
943,2020-06-04,union,new jersey,15953,42,478,777
944,2020-06-05,union,new jersey,16038,85,428,847
945,2020-06-06,union,new jersey,16116,78,352,930
946,2020-06-07,union,new jersey,16186,70,365,1017
947,2020-06-08,union,new jersey,16241,55,383,1023
948,2020-06-09,union,new jersey,16302,61,434,1009
949,2020-06-10,union,new jersey,16317,15,406,993
950,2020-06-11,union,new jersey,16337,20,384,862
951,2020-06-12,union,new jersey,16351,14,313,741
952,2020-06-13,union,new jersey,16337,-14,221,573
953,2020-06-14,union,new jersey,16322,-15,136,501
954,2020-06-15,union,new jersey,16308,-14,67,450
955,2020-06-16,union,new jersey,16320,12,18,452
956,2020-06-17,union,new jersey,16315,-5,-2,404
957,2020-06-18,union,new jersey,16304,-11,-33,351
958,2020-06-19,union,new jersey,16291,-13,-60,253
959,2020-06-20,union,new jersey,16298,7,-39,182
960,2020-06-21,union,new jersey,16322,24,0,136
961,2020-06-22,union,new jersey,16340,18,32,99
962,2020-06-23,union,new jersey,16341,1,21,39
963,2020-06-24,union,new jersey,16330,-11,15,13
964,2020-06-25,union,new jersey,16514,184,210,177
965,2020-06-26,union,new jersey,16536,22,245,185
966,2020-06-27,union,new jersey,16533,-3,235,196
967,2020-06-28,union,new jersey,16548,15,226,226
968,2020-06-29,union,new jersey,16557,9,217,249
969,2020-06-30,union,new jersey,16566,9,225,246
970,2020-07-01,union,new jersey,16564,-2,234,249
971,2020-07-02,union,new jersey,16569,5,55,265
972,2020-07-03,union,new jersey,16591,22,55,300
973,2020-07-04,union,new jersey,16616,25,83,318
974,2020-07-05,union,new jersey,16630,14,82,308
975,2020-07-06,union,new jersey,16607,-23,50,267
976,2020-07-07,union,new jersey,16625,18,59,284
977,2020-07-08,union,new jersey,16618,-7,54,288
978,2020-07-09,union,new jersey,16646,28,77,132
979,2020-07-10,union,new jersey,16644,-2,53,108
980,2020-07-11,union,new jersey,16655,11,39,122
981,2020-07-12,union,new jersey,16685,30,55,137
982,2020-07-13,union,new jersey,16703,18,96,146
983,2020-07-14,union,new jersey,16721,18,96,155
984,2020-07-15,union,new jersey,16742,21,124,178
985,2020-07-16,union,new jersey,16746,4,100,177
986,2020-07-17,union,new jersey,16719,-27,75,128
987,2020-07-18,union,new jersey,16725,6,70,109
988,2020-07-19,union,new jersey,16687,-38,2,57
989,2020-07-20,union,new jersey,16696,9,-7,89
990,2020-07-21,union,new jersey,16694,-2,-27,69
991,2020-07-22,union,new jersey,16526,-168,-216,-92
992,2020-07-23,union,new jersey,16472,-54,-274,-174
993,2020-07-24,union,new jersey,16496,24,-223,-148
994,2020-07-25,union,new jersey,16510,14,-215,-145
995,2020-07-26,union,new jersey,16534,24,-153,-151
996,2020-07-27,union,new jersey,16551,17,-145,-152
997,2020-07-28,union,new jersey,16585,34,-109,-136
998,2020-07-29,union,new jersey,16610,25,84,-132
999,2020-07-30,union,new jersey,16627,17,155,-119
1000,2020-07-31,union,new jersey,16694,67,198,-25
1001,2020-08-01,union,new jersey,16716,22,206,-9
1002,2020-08-02,union,new jersey,16746,30,212,59
1003,2020-08-03,union,new jersey,16761,15,210,65
1004,2020-08-04,union,new jersey,16761,0,176,67
1005,2020-08-05,union,new jersey,16775,14,165,249
1006,2020-08-06,union,new jersey,16792,17,165,320
1007,2020-08-07,union,new jersey,16806,14,112,310
1008,2020-08-08,union,new jersey,16833,27,117,323
1009,2020-08-09,union,new jersey,16865,32,119,331
1010,2020-08-10,union,new jersey,16895,30,134,344
1011,2020-08-11,union,new jersey,16919,24,158,334
1012,2020-08-12,union,new jersey,16948,29,173,338
1013,2020-08-13,union,new jersey,16980,32,188,353
1014,2020-08-14,union,new jersey,16995,15,189,301
1015,2020-08-15,union,new jersey,17015,20,182,299
1016,2020-08-16,union,new jersey,17037,22,172,291
1017,2020-08-17,union,new jersey,17047,10,152,286
1018,2020-08-18,union,new jersey,17066,19,147,305
1019,2020-08-19,union,new jersey,17087,21,139,312
1020,2020-08-20,union,new jersey,17093,6,113,301
1021,2020-08-21,union,new jersey,17113,20,118,307
1022,2020-08-22,union,new jersey,17133,20,118,300
1023,2020-08-23,union,new jersey,17144,11,107,279
1024,2020-08-24,union,new jersey,17158,14,111,263
1025,2020-08-25,union,new jersey,17176,18,110,257
1026,2020-08-26,union,new jersey,17189,13,102,241
1027,2020-08-27,union,new jersey,17206,17,113,226
1028,2020-08-28,union,new jersey,17218,12,105,223
1029,2020-08-29,union,new jersey,17232,14,99,217
1030,2020-08-30,union,new jersey,17243,11,99,206
1031,2020-08-31,union,new jersey,17269,26,111,222
1032,2020-09-01,union,new jersey,17290,21,114,224
1033,2020-09-02,union,new jersey,17303,13,114,216
1034,2020-09-03,union,new jersey,17327,24,121,234
1035,2020-09-04,union,new jersey,17353,26,135,240
1036,2020-09-05,union,new jersey,17362,9,130,229
1037,2020-09-06,union,new jersey,17378,16,135,234
1038,2020-09-07,union,new jersey,17384,6,115,226
1039,2020-09-08,union,new jersey,17404,20,114,228
1040,2020-09-09,union,new jersey,17414,10,111,225
1041,2020-09-10,union,new jersey,17433,19,106,227
1042,2020-09-11,union,new jersey,17452,19,99,234
1043,2020-09-12,union,new jersey,17465,13,103,233
1044,2020-09-13,union,new jersey,17481,16,103,238
1045,2020-09-14,union,new jersey,17490,9,106,221
1046,2020-09-15,union,new jersey,17503,13,99,213
1047,2020-09-16,union,new jersey,17521,18,107,218
1048,2020-09-17,union,new jersey,17533,12,100,206
1049,2020-09-18,union,new jersey,17556,23,104,203
1050,2020-09-19,union,new jersey,17581,25,116,219
1051,2020-09-20,union,new jersey,17606,25,125,228
1052,2020-09-21,union,new jersey,17632,26,142,248
1053,2020-09-22,union,new jersey,17671,39,168,267
1054,2020-09-23,union,new jersey,17683,12,162,269
1055,2020-09-24,union,new jersey,17709,26,176,276
1056,2020-09-25,union,new jersey,17731,22,175,279
1057,2020-09-26,union,new jersey,17768,37,187,303
1058,2020-09-27,union,new jersey,17807,39,201,326
1059,2020-09-28,union,new jersey,17837,30,205,347
1060,2020-09-29,union,new jersey,17855,18,184,352
1061,2020-09-30,union,new jersey,17894,39,211,373
1062,2020-10-01,union,new jersey,17928,34,219,395
1063,2020-10-02,union,new jersey,17956,28,225,400
1064,2020-10-03,union,new jersey,17999,43,231,418
1065,2020-10-04,union,new jersey,18037,38,230,431
1066,2020-10-05,union,new jersey,18070,33,233,438
1067,2020-10-06,union,new jersey,18111,41,256,440
1068,2020-10-07,union,new jersey,18145,34,251,462
1069,2020-10-08,union,new jersey,18228,83,300,519
1070,2020-10-09,union,new jersey,18276,48,320,545
1071,2020-10-10,union,new jersey,18330,54,331,562
1072,2020-10-11,union,new jersey,18373,43,336,566
1073,2020-10-12,union,new jersey,18414,41,344,577
1074,2020-10-13,union,new jersey,18483,69,372,628
1075,2020-10-14,union,new jersey,18542,59,397,648
1076,2020-10-15,union,new jersey,18607,65,379,679
1077,2020-10-16,union,new jersey,18672,65,396,716
1078,2020-10-17,union,new jersey,18766,94,436,767
1079,2020-10-18,union,new jersey,18876,110,503,839
1080,2020-10-19,union,new jersey,18982,106,568,912
1081,2020-10-20,union,new jersey,19116,134,633,1005
1082,2020-10-21,union,new jersey,19211,95,669,1066
1083,2020-10-22,union,new jersey,19328,117,721,1100
1084,2020-10-23,union,new jersey,19419,91,747,1143
1085,2020-10-24,union,new jersey,19616,197,850,1286
1086,2020-10-25,union,new jersey,19726,110,850,1353
1087,2020-10-26,union,new jersey,19849,123,867,1435
1088,2020-10-27,union,new jersey,20085,236,969,1602
1089,2020-10-28,union,new jersey,20274,189,1063,1732
1090,2020-10-29,union,new jersey,20363,89,1035,1756
1091,2020-10-30,union,new jersey,20581,218,1162,1909
1092,2020-10-31,union,new jersey,20720,139,1104,1954
1093,2020-11-01,union,new jersey,20842,122,1116,1966
1094,2020-11-02,union,new jersey,20988,146,1139,2006
1095,2020-11-03,union,new jersey,21187,199,1102,2071
1096,2020-11-04,union,new jersey,21433,246,1159,2222
1097,2020-11-05,union,new jersey,21583,150,1220,2255
1098,2020-11-06,union,new jersey,21772,189,1191,2353
1099,2020-11-07,union,new jersey,22067,295,1347,2451
1100,2020-11-08,union,new jersey,22222,155,1380,2496
1101,2020-11-09,union,new jersey,22407,185,1419,2558
1102,2020-11-10,union,new jersey,22752,345,1565,2667
1103,2020-11-11,union,new jersey,22992,240,1559,2718
1104,2020-11-12,union,new jersey,23319,327,1736,2956
1105,2020-11-13,union,new jersey,23631,312,1859,3050
1106,2020-11-14,union,new jersey,23972,341,1905,3252
1107,2020-11-15,union,new jersey,24324,352,2102,3482
1108,2020-11-16,union,new jersey,24518,194,2111,3530
1109,2020-11-17,union,new jersey,24794,276,2042,3607
1110,2020-11-18,union,new jersey,25083,289,2091,3650
1111,2020-11-19,union,new jersey,25406,323,2087,3823
1112,2020-11-20,union,new jersey,25608,202,1977,3836
1113,2020-11-21,union,new jersey,25934,326,1962,3867
1114,2020-11-22,union,new jersey,26214,280,1890,3992
1115,2020-11-23,union,new jersey,26518,304,2000,4111
1116,2020-11-24,union,new jersey,26923,405,2129,4171
1117,2020-11-25,union,new jersey,27282,359,2199,4290
1118,2020-11-26,union,new jersey,27627,345,2221,4308
1119,2020-11-27,union,new jersey,27879,252,2271,4248
1120,2020-11-28,union,new jersey,27973,94,2039,4001
1121,2020-11-29,union,new jersey,28425,452,2211,4101
1122,2020-11-30,union,new jersey,28607,182,2089,4089
1123,2020-12-01,union,new jersey,28926,319,2003,4132
1124,2020-12-02,union,new jersey,29140,214,1858,4057
1125,2020-12-03,union,new jersey,29466,326,1839,4060
1126,2020-12-04,union,new jersey,29750,284,1871,4142
1127,2020-12-05,union,new jersey,30002,252,2029,4068
1128,2020-03-20,norfolk,virginia,1,,,
1129,2020-03-21,norfolk,virginia,3,2,,
1130,2020-03-22,norfolk,virginia,3,0,,
1131,2020-03-23,norfolk,virginia,4,1,,
1132,2020-03-24,norfolk,virginia,5,1,,
1133,2020-03-25,norfolk,virginia,5,0,,
1134,2020-03-26,norfolk,virginia,6,1,,
1135,2020-03-27,norfolk,virginia,8,2,7,
1136,2020-03-28,norfolk,virginia,10,2,7,
1137,2020-03-29,norfolk,virginia,14,4,11,
1138,2020-03-30,norfolk,virginia,17,3,13,
1139,2020-03-31,norfolk,virginia,27,10,22,
1140,2020-04-01,norfolk,virginia,33,6,28,
1141,2020-04-02,norfolk,virginia,37,4,31,
1142,2020-04-03,norfolk,virginia,43,6,35,42
1143,2020-04-04,norfolk,virginia,55,12,45,52
1144,2020-04-05,norfolk,virginia,59,4,45,56
1145,2020-04-06,norfolk,virginia,60,1,43,56
1146,2020-04-07,norfolk,virginia,72,12,45,67
1147,2020-04-08,norfolk,virginia,77,5,44,72
1148,2020-04-09,norfolk,virginia,84,7,47,78
1149,2020-04-10,norfolk,virginia,88,4,45,80
1150,2020-04-11,norfolk,virginia,90,2,35,80
1151,2020-04-12,norfolk,virginia,90,0,31,76
1152,2020-04-13,norfolk,virginia,99,9,39,82
1153,2020-04-14,norfolk,virginia,97,-2,25,70
1154,2020-04-15,norfolk,virginia,99,2,22,66
1155,2020-04-16,norfolk,virginia,105,6,21,68
1156,2020-04-17,norfolk,virginia,108,3,20,65
1157,2020-04-18,norfolk,virginia,109,1,19,54
1158,2020-04-19,norfolk,virginia,111,2,21,52
1159,2020-04-20,norfolk,virginia,113,2,14,53
1160,2020-04-21,norfolk,virginia,118,5,21,46
1161,2020-04-22,norfolk,virginia,126,8,27,49
1162,2020-04-23,norfolk,virginia,136,10,31,52
1163,2020-04-24,norfolk,virginia,141,5,33,53
1164,2020-04-25,norfolk,virginia,169,28,60,79
1165,2020-04-26,norfolk,virginia,179,10,68,89
1166,2020-04-27,norfolk,virginia,184,5,71,85
1167,2020-04-28,norfolk,virginia,188,4,70,91
1168,2020-04-29,norfolk,virginia,192,4,66,93
1169,2020-04-30,norfolk,virginia,198,6,62,93
1170,2020-05-01,norfolk,virginia,204,6,63,96
1171,2020-05-02,norfolk,virginia,211,7,42,102
1172,2020-05-03,norfolk,virginia,221,10,42,110
1173,2020-05-04,norfolk,virginia,239,18,55,126
1174,2020-05-05,norfolk,virginia,251,12,63,133
1175,2020-05-06,norfolk,virginia,251,0,59,125
1176,2020-05-07,norfolk,virginia,270,19,72,134
1177,2020-05-08,norfolk,virginia,274,4,70,133
1178,2020-05-09,norfolk,virginia,290,16,79,121
1179,2020-05-10,norfolk,virginia,304,14,83,125
1180,2020-05-11,norfolk,virginia,308,4,69,124
1181,2020-05-12,norfolk,virginia,319,11,68,131
1182,2020-05-13,norfolk,virginia,327,8,76,135
1183,2020-05-14,norfolk,virginia,338,11,68,140
1184,2020-05-15,norfolk,virginia,349,11,75,145
1185,2020-05-16,norfolk,virginia,350,1,60,139
1186,2020-05-17,norfolk,virginia,350,0,46,129
1187,2020-05-18,norfolk,virginia,361,11,53,122
1188,2020-05-19,norfolk,virginia,370,9,51,119
1189,2020-05-20,norfolk,virginia,370,0,43,119
1190,2020-05-21,norfolk,virginia,377,7,39,107
1191,2020-05-22,norfolk,virginia,388,11,39,114
1192,2020-05-23,norfolk,virginia,393,5,43,103
1193,2020-05-24,norfolk,virginia,399,6,49,95
1194,2020-05-25,norfolk,virginia,432,33,71,124
1195,2020-05-26,norfolk,virginia,450,18,80,131
1196,2020-05-27,norfolk,virginia,451,1,81,124
1197,2020-05-28,norfolk,virginia,452,1,75,114
1198,2020-05-29,norfolk,virginia,470,18,82,121
1199,2020-05-30,norfolk,virginia,490,20,97,140
1200,2020-05-31,norfolk,virginia,503,13,104,153
1201,2020-06-01,norfolk,virginia,521,18,89,160
1202,2020-06-02,norfolk,virginia,530,9,80,160
1203,2020-06-03,norfolk,virginia,539,9,88,169
1204,2020-06-04,norfolk,virginia,552,13,100,175
1205,2020-06-05,norfolk,virginia,560,8,90,172
1206,2020-06-06,norfolk,virginia,562,2,72,169
1207,2020-06-07,norfolk,virginia,583,21,80,184
1208,2020-06-08,norfolk,virginia,589,6,68,157
1209,2020-06-09,norfolk,virginia,596,7,66,146
1210,2020-06-10,norfolk,virginia,605,9,66,154
1211,2020-06-11,norfolk,virginia,619,14,67,167
1212,2020-06-12,norfolk,virginia,630,11,70,160
1213,2020-06-13,norfolk,virginia,643,13,81,153
1214,2020-06-14,norfolk,virginia,660,17,77,157
1215,2020-06-15,norfolk,virginia,668,8,79,147
1216,2020-06-16,norfolk,virginia,681,13,85,151
1217,2020-06-17,norfolk,virginia,698,17,93,159
1218,2020-06-18,norfolk,virginia,704,6,85,152
1219,2020-06-19,norfolk,virginia,707,3,77,147
1220,2020-06-20,norfolk,virginia,723,16,80,161
1221,2020-06-21,norfolk,virginia,737,14,77,154
1222,2020-06-22,norfolk,virginia,746,9,78,157
1223,2020-06-23,norfolk,virginia,747,1,66,151
1224,2020-06-24,norfolk,virginia,771,24,73,166
1225,2020-06-25,norfolk,virginia,795,24,91,176
1226,2020-06-26,norfolk,virginia,822,27,115,192
1227,2020-06-27,norfolk,virginia,842,20,119,199
1228,2020-06-28,norfolk,virginia,855,13,118,195
1229,2020-06-29,norfolk,virginia,889,34,143,221
1230,2020-06-30,norfolk,virginia,915,26,168,234
1231,2020-07-01,norfolk,virginia,934,19,163,236
1232,2020-07-02,norfolk,virginia,987,53,192,283
1233,2020-07-03,norfolk,virginia,1000,13,178,293
1234,2020-07-04,norfolk,virginia,1067,67,225,344
1235,2020-07-05,norfolk,virginia,1072,5,217,335
1236,2020-07-06,norfolk,virginia,1105,33,216,359
1237,2020-07-07,norfolk,virginia,1162,57,247,415
1238,2020-07-08,norfolk,virginia,1194,32,260,423
1239,2020-07-09,norfolk,virginia,1289,95,302,494
1240,2020-07-10,norfolk,virginia,1360,71,360,538
1241,2020-07-11,norfolk,virginia,1448,88,381,606
1242,2020-07-12,norfolk,virginia,1548,100,476,693
1243,2020-07-13,norfolk,virginia,1588,40,483,699
1244,2020-07-14,norfolk,virginia,1606,18,444,691
1245,2020-07-15,norfolk,virginia,1742,136,548,808
1246,2020-07-16,norfolk,virginia,1888,146,599,901
1247,2020-07-17,norfolk,virginia,2020,132,660,1020
1248,2020-07-18,norfolk,virginia,2134,114,686,1067
1249,2020-07-19,norfolk,virginia,2155,21,607,1083
1250,2020-07-20,norfolk,virginia,2214,59,626,1109
1251,2020-07-21,norfolk,virginia,2329,115,723,1167
1252,2020-07-22,norfolk,virginia,2389,60,647,1195
1253,2020-07-23,norfolk,virginia,2489,100,601,1200
1254,2020-07-24,norfolk,virginia,2582,93,562,1222
1255,2020-07-25,norfolk,virginia,2661,79,527,1213
1256,2020-07-26,norfolk,virginia,2771,110,616,1223
1257,2020-07-27,norfolk,virginia,2779,8,565,1191
1258,2020-07-28,norfolk,virginia,2814,35,485,1208
1259,2020-07-29,norfolk,virginia,2937,123,548,1195
1260,2020-07-30,norfolk,virginia,3080,143,591,1192
1261,2020-07-31,norfolk,virginia,3180,100,598,1160
1262,2020-08-01,norfolk,virginia,3185,5,524,1051
1263,2020-08-02,norfolk,virginia,3210,25,439,1055
1264,2020-08-03,norfolk,virginia,3345,135,566,1131
1265,2020-08-04,norfolk,virginia,3425,80,611,1096
1266,2020-08-05,norfolk,virginia,3493,68,556,1104
1267,2020-08-06,norfolk,virginia,3496,3,416,1007
1268,2020-08-07,norfolk,virginia,3629,133,449,1047
1269,2020-08-08,norfolk,virginia,3700,71,515,1039
1270,2020-08-09,norfolk,virginia,3703,3,493,932
1271,2020-08-10,norfolk,virginia,3703,0,358,924
1272,2020-08-11,norfolk,virginia,3787,84,362,973
1273,2020-08-12,norfolk,virginia,3802,15,309,865
1274,2020-08-13,norfolk,virginia,3858,56,362,778
1275,2020-08-14,norfolk,virginia,3895,37,266,715
1276,2020-08-15,norfolk,virginia,3944,49,244,759
1277,2020-08-16,norfolk,virginia,3982,38,279,772
1278,2020-08-17,norfolk,virginia,4002,20,299,657
1279,2020-08-18,norfolk,virginia,4032,30,245,607
1280,2020-08-19,norfolk,virginia,4062,30,260,569
1281,2020-08-20,norfolk,virginia,4091,29,233,595
1282,2020-08-21,norfolk,virginia,4119,28,224,490
1283,2020-08-22,norfolk,virginia,4164,45,220,464
1284,2020-08-23,norfolk,virginia,4164,0,182,461
1285,2020-08-24,norfolk,virginia,4164,0,162,461
1286,2020-08-25,norfolk,virginia,4245,81,213,458
1287,2020-08-26,norfolk,virginia,4260,15,198,458
1288,2020-08-27,norfolk,virginia,4297,37,206,439
1289,2020-08-28,norfolk,virginia,4328,31,209,433
1290,2020-08-29,norfolk,virginia,4334,6,170,390
1291,2020-08-30,norfolk,virginia,4361,27,197,379
1292,2020-08-31,norfolk,virginia,4394,33,230,392
1293,2020-09-01,norfolk,virginia,4406,12,161,374
1294,2020-09-02,norfolk,virginia,4429,23,169,367
1295,2020-09-03,norfolk,virginia,4450,21,153,359
1296,2020-09-04,norfolk,virginia,4468,18,140,349
1297,2020-09-05,norfolk,virginia,4481,13,147,317
1298,2020-09-06,norfolk,virginia,4484,3,123,320
1299,2020-09-07,norfolk,virginia,4533,49,139,369
1300,2020-09-08,norfolk,virginia,4537,4,131,292
1301,2020-09-09,norfolk,virginia,4545,8,116,285
1302,2020-09-10,norfolk,virginia,4577,32,127,280
1303,2020-09-11,norfolk,virginia,4612,35,144,284
1304,2020-09-12,norfolk,virginia,4630,18,149,296
1305,2020-09-13,norfolk,virginia,4647,17,163,286
1306,2020-09-14,norfolk,virginia,4651,4,118,257
1307,2020-09-15,norfolk,virginia,4676,25,139,270
1308,2020-09-16,norfolk,virginia,4685,9,140,256
1309,2020-09-17,norfolk,virginia,4707,22,130,257
1310,2020-09-18,norfolk,virginia,4721,14,109,253
1311,2020-09-19,norfolk,virginia,4723,2,93,242
1312,2020-09-20,norfolk,virginia,4745,22,98,261
1313,2020-09-21,norfolk,virginia,4745,0,94,212
1314,2020-09-22,norfolk,virginia,4764,19,88,227
1315,2020-09-23,norfolk,virginia,4765,1,80,220
1316,2020-09-24,norfolk,virginia,4781,16,74,204
1317,2020-09-25,norfolk,virginia,4800,19,79,188
1318,2020-09-26,norfolk,virginia,4822,22,99,192
1319,2020-09-27,norfolk,virginia,4824,2,79,177
1320,2020-09-28,norfolk,virginia,4840,16,95,189
1321,2020-09-29,norfolk,virginia,4870,30,106,194
1322,2020-09-30,norfolk,virginia,4881,11,116,196
1323,2020-10-01,norfolk,virginia,4891,10,110,184
1324,2020-10-02,norfolk,virginia,4900,9,100,179
1325,2020-10-03,norfolk,virginia,4934,34,112,211
1326,2020-10-04,norfolk,virginia,4936,2,112,191
1327,2020-10-05,norfolk,virginia,4953,17,113,208
1328,2020-10-06,norfolk,virginia,4955,2,85,191
1329,2020-10-07,norfolk,virginia,4968,13,87,203
1330,2020-10-08,norfolk,virginia,4996,28,105,215
1331,2020-10-09,norfolk,virginia,5017,21,117,217
1332,2020-10-10,norfolk,virginia,5045,28,111,223
1333,2020-10-11,norfolk,virginia,5045,0,109,221
1334,2020-10-12,norfolk,virginia,5064,19,111,224
1335,2020-10-13,norfolk,virginia,5085,21,130,215
1336,2020-10-14,norfolk,virginia,5092,7,124,211
1337,2020-10-15,norfolk,virginia,5122,30,126,231
1338,2020-10-16,norfolk,virginia,5145,23,128,245
1339,2020-10-17,norfolk,virginia,5169,24,124,235
1340,2020-10-18,norfolk,virginia,5179,10,134,243
1341,2020-10-19,norfolk,virginia,5179,0,115,226
1342,2020-10-20,norfolk,virginia,5209,30,124,254
1343,2020-10-21,norfolk,virginia,5219,10,127,251
1344,2020-10-22,norfolk,virginia,5243,24,121,247
1345,2020-10-23,norfolk,virginia,5282,39,137,265
1346,2020-10-24,norfolk,virginia,5306,24,137,261
1347,2020-10-25,norfolk,virginia,5330,24,151,285
1348,2020-10-26,norfolk,virginia,5331,1,152,267
1349,2020-10-27,norfolk,virginia,5369,38,160,284
1350,2020-10-28,norfolk,virginia,5395,26,176,303
1351,2020-10-29,norfolk,virginia,5419,24,176,297
1352,2020-10-30,norfolk,virginia,5445,26,163,300
1353,2020-10-31,norfolk,virginia,5493,48,187,324
1354,2020-11-01,norfolk,virginia,5494,1,164,315
1355,2020-11-02,norfolk,virginia,5534,40,203,355
1356,2020-11-03,norfolk,virginia,5563,29,194,354
1357,2020-11-04,norfolk,virginia,5589,26,194,370
1358,2020-11-05,norfolk,virginia,5609,20,190,366
1359,2020-11-06,norfolk,virginia,5649,40,204,367
1360,2020-11-07,norfolk,virginia,5701,52,208,395
1361,2020-11-08,norfolk,virginia,5727,26,233,397
1362,2020-11-09,norfolk,virginia,5728,1,194,397
1363,2020-11-10,norfolk,virginia,5777,49,214,408
1364,2020-11-11,norfolk,virginia,5805,28,216,410
1365,2020-11-12,norfolk,virginia,5816,11,207,397
1366,2020-11-13,norfolk,virginia,5829,13,180,384
1367,2020-11-14,norfolk,virginia,5863,34,162,370
1368,2020-11-15,norfolk,virginia,5872,9,145,378
1369,2020-11-16,norfolk,virginia,5965,93,237,431
1370,2020-11-17,norfolk,virginia,6037,72,260,474
1371,2020-11-18,norfolk,virginia,6083,46,278,494
1372,2020-11-19,norfolk,virginia,6116,33,300,507
1373,2020-11-20,norfolk,virginia,6144,28,315,495
1374,2020-11-21,norfolk,virginia,6178,34,315,477
1375,2020-11-22,norfolk,virginia,6244,66,372,517
1376,2020-11-23,norfolk,virginia,6297,53,332,569
1377,2020-11-24,norfolk,virginia,6344,47,307,567
1378,2020-11-25,norfolk,virginia,6378,34,295,573
1379,2020-11-26,norfolk,virginia,6401,23,285,585
1380,2020-11-27,norfolk,virginia,6408,7,264,579
1381,2020-11-28,norfolk,virginia,6423,15,245,560
1382,2020-11-29,norfolk,virginia,6528,105,284,656
1383,2020-11-30,norfolk,virginia,6528,0,231,563
1384,2020-12-01,norfolk,virginia,6566,38,222,529
1385,2020-12-02,norfolk,virginia,6617,51,239,534
1386,2020-12-03,norfolk,virginia,6654,37,253,538
1387,2020-12-04,norfolk,virginia,6728,74,320,584
1388,2020-12-05,norfolk,virginia,6786,58,363,608
1389,2020-03-05,nassau,new york,1,,,
1390,2020-03-06,nassau,new york,4,3,,
1391,2020-03-07,nassau,new york,4,0,,
1392,2020-03-08,nassau,new york,5,1,,
1393,2020-03-09,nassau,new york,17,12,,
1394,2020-03-10,nassau,new york,19,2,,
1395,2020-03-11,nassau,new york,28,9,,
1396,2020-03-12,nassau,new york,41,13,40,
1397,2020-03-13,nassau,new york,51,10,47,
1398,2020-03-14,nassau,new york,79,28,75,
1399,2020-03-15,nassau,new york,98,19,93,
1400,2020-03-16,nassau,new york,109,11,92,
1401,2020-03-17,nassau,new york,131,22,112,
1402,2020-03-18,nassau,new york,183,52,155,
1403,2020-03-19,nassau,new york,382,199,341,381
1404,2020-03-20,nassau,new york,754,372,703,750
1405,2020-03-21,nassau,new york,1234,480,1155,1230
1406,2020-03-22,nassau,new york,1900,666,1802,1895
1407,2020-03-23,nassau,new york,2442,542,2333,2425
1408,2020-03-24,nassau,new york,2869,427,2738,2850
1409,2020-03-25,nassau,new york,3285,416,3102,3257
1410,2020-03-26,nassau,new york,3914,629,3532,3873
1411,2020-03-27,nassau,new york,4657,743,3903,4606
1412,2020-03-28,nassau,new york,5537,880,4303,5458
1413,2020-03-29,nassau,new york,6445,908,4545,6347
1414,2020-03-30,nassau,new york,7344,899,4902,7235
1415,2020-03-31,nassau,new york,8544,1200,5675,8413
1416,2020-04-01,nassau,new york,9555,1011,6270,9372
1417,2020-04-02,nassau,new york,10587,1032,6673,10205
1418,2020-04-03,nassau,new york,12024,1437,7367,11270
1419,2020-04-04,nassau,new york,13346,1322,7809,12112
1420,2020-04-05,nassau,new york,14398,1052,7953,12498
1421,2020-04-06,nassau,new york,15616,1218,8272,13174
1422,2020-04-07,nassau,new york,16610,994,8066,13741
1423,2020-04-08,nassau,new york,18548,1938,8993,15263
1424,2020-04-09,nassau,new york,20140,1592,9553,16226
1425,2020-04-10,nassau,new york,21512,1372,9488,16855
1426,2020-04-11,nassau,new york,22584,1072,9238,17047
1427,2020-04-12,nassau,new york,23553,969,9155,17108
1428,2020-04-13,nassau,new york,24358,805,8742,17014
1429,2020-04-14,nassau,new york,25250,892,8640,16706
1430,2020-04-15,nassau,new york,26715,1465,8167,17160
1431,2020-04-16,nassau,new york,27772,1057,7632,17185
1432,2020-04-17,nassau,new york,28539,767,7027,16515
1433,2020-04-18,nassau,new york,29180,641,6596,15834
1434,2020-04-19,nassau,new york,30013,833,6460,15615
1435,2020-04-20,nassau,new york,30677,664,6319,15061
1436,2020-04-21,nassau,new york,31079,402,5829,14469
1437,2020-04-22,nassau,new york,31555,476,4840,13007
1438,2020-04-23,nassau,new york,32124,569,4352,11984
1439,2020-04-24,nassau,new york,32765,641,4226,11253
1440,2020-04-25,nassau,new york,33798,1033,4618,11214
1441,2020-04-26,nassau,new york,34522,724,4509,10969
1442,2020-04-27,nassau,new york,34865,343,4188,10507
1443,2020-04-28,nassau,new york,35085,220,4006,9835
1444,2020-04-29,nassau,new york,35505,420,3950,8790
1445,2020-04-30,nassau,new york,35854,349,3730,8082
1446,2020-05-01,nassau,new york,36161,307,3396,7622
1447,2020-05-02,nassau,new york,36519,358,2721,7339
1448,2020-05-03,nassau,new york,36780,261,2258,6767
1449,2020-05-04,nassau,new york,36965,185,2100,6288
1450,2020-05-05,nassau,new york,37152,187,2067,6073
1451,2020-05-06,nassau,new york,37350,198,1845,5795
1452,2020-05-07,nassau,new york,37593,243,1739,5469
1453,2020-05-08,nassau,new york,37812,219,1651,5047
1454,2020-05-09,nassau,new york,38028,216,1509,4230
1455,2020-05-10,nassau,new york,38217,189,1437,3695
1456,2020-05-11,nassau,new york,38337,120,1372,3472
1457,2020-05-12,nassau,new york,38434,97,1282,3349
1458,2020-05-13,nassau,new york,38587,153,1237,3082
1459,2020-05-14,nassau,new york,38743,156,1150,2889
1460,2020-05-15,nassau,new york,38864,121,1052,2703
1461,2020-05-16,nassau,new york,39033,169,1005,2514
1462,2020-05-17,nassau,new york,39136,103,919,2356
1463,2020-05-18,nassau,new york,39225,89,888,2260
1464,2020-05-19,nassau,new york,39295,70,861,2143
1465,2020-05-20,nassau,new york,39368,73,781,2018
1466,2020-05-21,nassau,new york,39487,119,744,1894
1467,2020-05-22,nassau,new york,39608,121,744,1796
1468,2020-05-23,nassau,new york,39726,118,693,1698
1469,2020-05-24,nassau,new york,39837,111,701,1620
1470,2020-05-25,nassau,new york,39907,70,682,1570
1471,2020-05-26,nassau,new york,39974,67,679,1540
1472,2020-05-27,nassau,new york,40034,60,666,1447
1473,2020-05-28,nassau,new york,40140,106,653,1397
1474,2020-05-29,nassau,new york,40226,86,618,1362
1475,2020-05-30,nassau,new york,40307,81,581,1274
1476,2020-05-31,nassau,new york,40396,89,559,1260
1477,2020-06-01,nassau,new york,40479,83,572,1254
1478,2020-06-02,nassau,new york,40572,93,598,1277
1479,2020-06-03,nassau,new york,40644,72,610,1276
1480,2020-06-04,nassau,new york,40713,69,573,1226
1481,2020-06-05,nassau,new york,40797,84,571,1189
1482,2020-06-06,nassau,new york,40853,56,546,1127
1483,2020-06-07,nassau,new york,40904,51,508,1067
1484,2020-06-08,nassau,new york,40947,43,468,1040
1485,2020-06-09,nassau,new york,40980,33,408,1006
1486,2020-06-10,nassau,new york,41015,35,371,981
1487,2020-06-11,nassau,new york,41060,45,347,920
1488,2020-06-12,nassau,new york,41114,54,317,888
1489,2020-06-13,nassau,new york,41172,58,319,865
1490,2020-06-14,nassau,new york,41204,32,300,808
1491,2020-06-15,nassau,new york,41240,36,293,761
1492,2020-06-16,nassau,new york,41290,50,310,718
1493,2020-06-17,nassau,new york,41320,30,305,676
1494,2020-06-18,nassau,new york,41349,29,289,636
1495,2020-06-19,nassau,new york,41387,38,273,590
1496,2020-06-20,nassau,new york,41443,56,271,590
1497,2020-06-21,nassau,new york,41479,36,275,575
1498,2020-06-22,nassau,new york,41513,34,273,566
1499,2020-06-23,nassau,new york,41544,31,254,564
1500,2020-06-24,nassau,new york,41585,41,265,570
1501,2020-06-25,nassau,new york,41646,61,297,586
1502,2020-06-26,nassau,new york,41684,38,297,570
1503,2020-06-27,nassau,new york,41725,41,282,553
1504,2020-06-28,nassau,new york,41754,29,275,550
1505,2020-06-29,nassau,new york,41780,26,267,540
1506,2020-06-30,nassau,new york,41807,27,263,517
1507,2020-07-01,nassau,new york,41853,46,268,533
1508,2020-07-02,nassau,new york,41910,57,264,561
1509,2020-07-03,nassau,new york,41947,37,263,560
1510,2020-07-04,nassau,new york,41988,41,263,545
1511,2020-07-05,nassau,new york,42031,43,277,552
1512,2020-07-06,nassau,new york,42053,22,273,540
1513,2020-07-07,nassau,new york,42088,35,281,544
1514,2020-07-08,nassau,new york,42122,34,269,537
1515,2020-07-09,nassau,new york,42164,42,254,518
1516,2020-07-10,nassau,new york,42232,68,285,548
1517,2020-07-11,nassau,new york,42267,35,279,542
1518,2020-07-12,nassau,new york,42307,40,276,553
1519,2020-07-13,nassau,new york,42354,47,301,574
1520,2020-07-14,nassau,new york,42423,69,335,616
1521,2020-07-15,nassau,new york,42462,39,340,609
1522,2020-07-16,nassau,new york,42506,44,342,596
1523,2020-07-17,nassau,new york,42555,49,323,608
1524,2020-07-18,nassau,new york,42594,39,327,606
1525,2020-07-19,nassau,new york,42622,28,315,591
1526,2020-07-20,nassau,new york,42678,56,324,625
1527,2020-07-21,nassau,new york,42729,51,306,641
1528,2020-07-22,nassau,new york,42765,36,303,643
1529,2020-07-23,nassau,new york,42816,51,310,652
1530,2020-07-24,nassau,new york,42860,44,305,628
1531,2020-07-25,nassau,new york,42915,55,321,648
1532,2020-07-26,nassau,new york,42960,45,338,653
1533,2020-07-27,nassau,new york,43017,57,339,663
1534,2020-07-28,nassau,new york,43059,42,330,636
1535,2020-07-29,nassau,new york,43100,41,335,638
1536,2020-07-30,nassau,new york,43158,58,342,652
1537,2020-07-31,nassau,new york,43203,45,343,648
1538,2020-08-01,nassau,new york,43271,68,356,677
1539,2020-08-02,nassau,new york,43322,51,362,700
1540,2020-08-03,nassau,new york,43380,58,363,702
1541,2020-08-04,nassau,new york,43436,56,377,707
1542,2020-08-05,nassau,new york,43482,46,382,717
1543,2020-08-06,nassau,new york,43534,52,376,718
1544,2020-08-07,nassau,new york,43580,46,377,720
1545,2020-08-08,nassau,new york,43628,48,357,713
1546,2020-08-09,nassau,new york,43655,27,333,695
1547,2020-08-10,nassau,new york,43690,35,310,673
1548,2020-08-11,nassau,new york,43724,34,288,665
1549,2020-08-12,nassau,new york,43761,37,279,661
1550,2020-08-13,nassau,new york,43795,34,261,637
1551,2020-08-14,nassau,new york,43840,45,260,637
1552,2020-08-15,nassau,new york,43891,51,263,620
1553,2020-08-16,nassau,new york,43929,38,274,607
1554,2020-08-17,nassau,new york,43955,26,265,575
1555,2020-08-18,nassau,new york,44001,46,277,565
1556,2020-08-19,nassau,new york,44063,62,302,581
1557,2020-08-20,nassau,new york,44112,49,317,578
1558,2020-08-21,nassau,new york,44162,50,322,582
1559,2020-08-22,nassau,new york,44205,43,314,577
1560,2020-08-23,nassau,new york,44245,40,316,590
1561,2020-08-24,nassau,new york,44284,39,329,594
1562,2020-08-25,nassau,new york,44348,64,347,624
1563,2020-08-26,nassau,new york,44403,55,340,642
1564,2020-08-27,nassau,new york,44450,47,338,655
1565,2020-08-28,nassau,new york,44503,53,341,663
1566,2020-08-29,nassau,new york,44554,51,349,663
1567,2020-08-30,nassau,new york,44610,56,365,681
1568,2020-08-31,nassau,new york,44677,67,393,722
1569,2020-09-01,nassau,new york,44761,84,413,760
1570,2020-09-02,nassau,new york,44845,84,442,782
1571,2020-09-03,nassau,new york,44924,79,474,812
1572,2020-09-04,nassau,new york,45008,84,505,846
1573,2020-09-05,nassau,new york,45115,107,561,910
1574,2020-09-06,nassau,new york,45193,78,583,948
1575,2020-09-07,nassau,new york,45229,36,552,945
1576,2020-09-08,nassau,new york,45294,65,533,946
1577,2020-09-09,nassau,new york,45372,78,527,969
1578,2020-09-10,nassau,new york,45445,73,521,995
1579,2020-09-11,nassau,new york,45550,105,542,1047
1580,2020-09-12,nassau,new york,45633,83,518,1079
1581,2020-09-13,nassau,new york,45711,78,518,1101
1582,2020-09-14,nassau,new york,45763,52,534,1086
1583,2020-09-15,nassau,new york,45840,77,546,1079
1584,2020-09-16,nassau,new york,45906,66,534,1061
1585,2020-09-17,nassau,new york,45989,83,544,1065
1586,2020-09-18,nassau,new york,46052,63,502,1044
1587,2020-09-19,nassau,new york,46154,102,521,1039
1588,2020-09-20,nassau,new york,46218,64,507,1025
1589,2020-09-21,nassau,new york,46259,41,496,1030
1590,2020-09-22,nassau,new york,46325,66,485,1031
1591,2020-09-23,nassau,new york,46388,63,482,1016
1592,2020-09-24,nassau,new york,46434,46,445,989
1593,2020-09-25,nassau,new york,46505,71,453,955
1594,2020-09-26,nassau,new york,46576,71,422,943
1595,2020-09-27,nassau,new york,46643,67,425,932
1596,2020-09-28,nassau,new york,46711,68,452,948
1597,2020-09-29,nassau,new york,46791,80,466,951
1598,2020-09-30,nassau,new york,46857,66,469,951
1599,2020-10-01,nassau,new york,46929,72,495,940
1600,2020-10-02,nassau,new york,47034,105,529,982
1601,2020-10-03,nassau,new york,47167,133,591,1013
1602,2020-10-04,nassau,new york,47246,79,603,1028
1603,2020-10-05,nassau,new york,47302,56,591,1043
1604,2020-10-06,nassau,new york,47392,90,601,1067
1605,2020-10-07,nassau,new york,47516,124,659,1128
1606,2020-10-08,nassau,new york,47656,140,727,1222
1607,2020-10-09,nassau,new york,47736,80,702,1231
1608,2020-10-10,nassau,new york,47841,105,674,1265
1609,2020-10-11,nassau,new york,47933,92,687,1290
1610,2020-10-12,nassau,new york,47998,65,696,1287
1611,2020-10-13,nassau,new york,48099,101,707,1308
1612,2020-10-14,nassau,new york,48184,85,668,1327
1613,2020-10-15,nassau,new york,48272,88,616,1343
1614,2020-10-16,nassau,new york,48377,105,641,1343
1615,2020-10-17,nassau,new york,48494,117,653,1327
1616,2020-10-18,nassau,new york,48596,102,663,1350
1617,2020-10-19,nassau,new york,48657,61,659,1355
1618,2020-10-20,nassau,new york,48731,74,632,1339
1619,2020-10-21,nassau,new york,48864,133,680,1348
1620,2020-10-22,nassau,new york,48941,77,669,1285
1621,2020-10-23,nassau,new york,49042,101,665,1306
1622,2020-10-24,nassau,new york,49203,161,709,1362
1623,2020-10-25,nassau,new york,49312,109,716,1379
1624,2020-10-26,nassau,new york,49377,65,720,1379
1625,2020-10-27,nassau,new york,49496,119,765,1397
1626,2020-10-28,nassau,new york,49663,167,799,1479
1627,2020-10-29,nassau,new york,49841,178,900,1569
1628,2020-10-30,nassau,new york,50007,166,965,1630
1629,2020-10-31,nassau,new york,50153,146,950,1659
1630,2020-11-01,nassau,new york,50294,141,982,1698
1631,2020-11-02,nassau,new york,50407,113,1030,1750
1632,2020-11-03,nassau,new york,50602,195,1106,1871
1633,2020-11-04,nassau,new york,50702,100,1039,1838
1634,2020-11-05,nassau,new york,50918,216,1077,1977
1635,2020-11-06,nassau,new york,51164,246,1157,2122
1636,2020-11-07,nassau,new york,51418,254,1265,2215
1637,2020-11-08,nassau,new york,51682,264,1388,2370
1638,2020-11-09,nassau,new york,51895,213,1488,2518
1639,2020-11-10,nassau,new york,52173,278,1571,2677
1640,2020-11-11,nassau,new york,52575,402,1873,2912
1641,2020-11-12,nassau,new york,52897,322,1979,3056
1642,2020-11-13,nassau,new york,53271,374,2107,3264
1643,2020-11-14,nassau,new york,53688,417,2270,3535
1644,2020-11-15,nassau,new york,54014,326,2332,3720
1645,2020-11-16,nassau,new york,54309,295,2414,3902
1646,2020-11-17,nassau,new york,54715,406,2542,4113
1647,2020-11-18,nassau,new york,55112,397,2537,4410
1648,2020-11-19,nassau,new york,55486,374,2589,4568
1649,2020-11-20,nassau,new york,55875,389,2604,4711
1650,2020-11-21,nassau,new york,56269,394,2581,4851
1651,2020-11-22,nassau,new york,56706,437,2692,5024
1652,2020-11-23,nassau,new york,57127,421,2818,5232
1653,2020-11-24,nassau,new york,57489,362,2774,5316
1654,2020-11-25,nassau,new york,57985,496,2873,5410
1655,2020-11-26,nassau,new york,58567,582,3081,5670
1656,2020-11-27,nassau,new york,59238,671,3363,5967
1657,2020-11-28,nassau,new york,59700,462,3431,6012
1658,2020-11-29,nassau,new york,60181,481,3475,6167
1659,2020-11-30,nassau,new york,60701,520,3574,6392
1660,2020-12-01,nassau,new york,61162,461,3673,6447
1661,2020-12-02,nassau,new york,61988,826,4003,6876
1662,2020-12-03,nassau,new york,62745,757,4178,7259
1663,2020-12-04,nassau,new york,63661,916,4423,7786
1664,2020-12-05,nassau,new york,64359,698,4659,8090
1665,2020-03-13,harrisonburg,virginia,1,,,
1666,2020-03-14,harrisonburg,virginia,1,0,,
1667,2020-03-15,harrisonburg,virginia,1,0,,
1668,2020-03-16,harrisonburg,virginia,1,0,,
1669,2020-03-17,harrisonburg,virginia,1,0,,
1670,2020-03-18,harrisonburg,virginia,1,0,,
1671,2020-03-19,harrisonburg,virginia,1,0,,
1672,2020-03-20,harrisonburg,virginia,1,0,0,
1673,2020-03-21,harrisonburg,virginia,1,0,0,
1674,2020-03-22,harrisonburg,virginia,1,0,0,
1675,2020-03-23,harrisonburg,virginia,1,0,0,
1676,2020-03-24,harrisonburg,virginia,1,0,0,
1677,2020-03-25,harrisonburg,virginia,2,1,1,
1678,2020-03-26,harrisonburg,virginia,3,1,2,
1679,2020-03-27,harrisonburg,virginia,5,2,4,4
1680,2020-03-28,harrisonburg,virginia,5,0,4,4
1681,2020-03-29,harrisonburg,virginia,5,0,4,4
1682,2020-03-30,harrisonburg,virginia,6,1,5,5
1683,2020-03-31,harrisonburg,virginia,6,0,5,5
1684,2020-04-01,harrisonburg,virginia,10,4,8,9
1685,2020-04-02,harrisonburg,virginia,15,5,12,14
1686,2020-04-03,harrisonburg,virginia,22,7,17,21
1687,2020-04-04,harrisonburg,virginia,22,0,17,21
1688,2020-04-05,harrisonburg,virginia,25,3,20,24
1689,2020-04-06,harrisonburg,virginia,27,2,21,26
1690,2020-04-07,harrisonburg,virginia,27,0,21,26
1691,2020-04-08,harrisonburg,virginia,36,9,26,34
1692,2020-04-09,harrisonburg,virginia,39,3,24,36
1693,2020-04-10,harrisonburg,virginia,57,18,35,52
1694,2020-04-11,harrisonburg,virginia,79,22,57,74
1695,2020-04-12,harrisonburg,virginia,81,2,56,76
1696,2020-04-13,harrisonburg,virginia,87,6,60,81
1697,2020-04-14,harrisonburg,virginia,95,8,68,89
1698,2020-04-15,harrisonburg,virginia,101,6,65,91
1699,2020-04-16,harrisonburg,virginia,119,18,80,104
1700,2020-04-17,harrisonburg,virginia,214,95,157,192
1701,2020-04-18,harrisonburg,virginia,233,19,154,211
1702,2020-04-19,harrisonburg,virginia,236,3,155,211
1703,2020-04-20,harrisonburg,virginia,252,16,165,225
1704,2020-04-21,harrisonburg,virginia,264,12,169,237
1705,2020-04-22,harrisonburg,virginia,318,54,217,282
1706,2020-04-23,harrisonburg,virginia,346,28,227,307
1707,2020-04-24,harrisonburg,virginia,355,9,141,298
1708,2020-04-25,harrisonburg,virginia,370,15,137,291
1709,2020-04-26,harrisonburg,virginia,371,1,135,290
1710,2020-04-27,harrisonburg,virginia,383,12,131,296
1711,2020-04-28,harrisonburg,virginia,406,23,142,311
1712,2020-04-29,harrisonburg,virginia,411,5,93,310
1713,2020-04-30,harrisonburg,virginia,426,15,80,307
1714,2020-05-01,harrisonburg,virginia,456,30,101,242
1715,2020-05-02,harrisonburg,virginia,470,14,100,237
1716,2020-05-03,harrisonburg,virginia,478,8,107,242
1717,2020-05-04,harrisonburg,virginia,497,19,114,245
1718,2020-05-05,harrisonburg,virginia,525,28,119,261
1719,2020-05-06,harrisonburg,virginia,525,0,114,207
1720,2020-05-07,harrisonburg,virginia,552,27,126,206
1721,2020-05-08,harrisonburg,virginia,574,22,118,219
1722,2020-05-09,harrisonburg,virginia,578,4,108,208
1723,2020-05-10,harrisonburg,virginia,579,1,101,208
1724,2020-05-11,harrisonburg,virginia,583,4,86,200
1725,2020-05-12,harrisonburg,virginia,584,1,59,178
1726,2020-05-13,harrisonburg,virginia,607,23,82,196
1727,2020-05-14,harrisonburg,virginia,615,8,63,189
1728,2020-05-15,harrisonburg,virginia,620,5,46,164
1729,2020-05-16,harrisonburg,virginia,631,11,53,161
1730,2020-05-17,harrisonburg,virginia,632,1,53,154
1731,2020-05-18,harrisonburg,virginia,633,1,50,136
1732,2020-05-19,harrisonburg,virginia,647,14,63,122
1733,2020-05-20,harrisonburg,virginia,675,28,68,150
1734,2020-05-21,harrisonburg,virginia,695,20,80,143
1735,2020-05-22,harrisonburg,virginia,704,9,84,130
1736,2020-05-23,harrisonburg,virginia,709,5,78,131
1737,2020-05-24,harrisonburg,virginia,716,7,84,137
1738,2020-05-25,harrisonburg,virginia,727,11,94,144
1739,2020-05-26,harrisonburg,virginia,742,15,95,158
1740,2020-05-27,harrisonburg,virginia,746,4,71,139
1741,2020-05-28,harrisonburg,virginia,757,11,62,142
1742,2020-05-29,harrisonburg,virginia,765,8,61,145
1743,2020-05-30,harrisonburg,virginia,774,9,65,143
1744,2020-05-31,harrisonburg,virginia,779,5,63,147
1745,2020-06-01,harrisonburg,virginia,797,18,70,164
1746,2020-06-02,harrisonburg,virginia,799,2,57,152
1747,2020-06-03,harrisonburg,virginia,809,10,63,134
1748,2020-06-04,harrisonburg,virginia,814,5,57,119
1749,2020-06-05,harrisonburg,virginia,817,3,52,113
1750,2020-06-06,harrisonburg,virginia,823,6,49,114
1751,2020-06-07,harrisonburg,virginia,832,9,53,116
1752,2020-06-08,harrisonburg,virginia,833,1,36,106
1753,2020-06-09,harrisonburg,virginia,837,4,38,95
1754,2020-06-10,harrisonburg,virginia,842,5,33,96
1755,2020-06-11,harrisonburg,virginia,846,4,32,89
1756,2020-06-12,harrisonburg,virginia,850,4,33,85
1757,2020-06-13,harrisonburg,virginia,847,-3,24,73
1758,2020-06-14,harrisonburg,virginia,855,8,23,76
1759,2020-06-15,harrisonburg,virginia,856,1,23,59
1760,2020-06-16,harrisonburg,virginia,859,3,22,60
1761,2020-06-17,harrisonburg,virginia,864,5,22,55
1762,2020-06-18,harrisonburg,virginia,870,6,24,56
1763,2020-06-19,harrisonburg,virginia,874,4,24,57
1764,2020-06-20,harrisonburg,virginia,885,11,38,62
1765,2020-06-21,harrisonburg,virginia,889,4,34,57
1766,2020-06-22,harrisonburg,virginia,893,4,37,60
1767,2020-06-23,harrisonburg,virginia,896,3,37,59
1768,2020-06-24,harrisonburg,virginia,901,5,37,59
1769,2020-06-25,harrisonburg,virginia,907,6,37,61
1770,2020-06-26,harrisonburg,virginia,913,6,39,63
1771,2020-06-27,harrisonburg,virginia,925,12,40,78
1772,2020-06-28,harrisonburg,virginia,933,8,44,78
1773,2020-06-29,harrisonburg,virginia,936,3,43,80
1774,2020-06-30,harrisonburg,virginia,939,3,43,80
1775,2020-07-01,harrisonburg,virginia,937,-2,36,73
1776,2020-07-02,harrisonburg,virginia,941,4,34,71
1777,2020-07-03,harrisonburg,virginia,957,16,44,83
1778,2020-07-04,harrisonburg,virginia,963,6,38,78
1779,2020-07-05,harrisonburg,virginia,966,3,33,77
1780,2020-07-06,harrisonburg,virginia,966,0,30,73
1781,2020-07-07,harrisonburg,virginia,967,1,28,71
1782,2020-07-08,harrisonburg,virginia,972,5,35,71
1783,2020-07-09,harrisonburg,virginia,975,3,34,68
1784,2020-07-10,harrisonburg,virginia,976,1,19,63
1785,2020-07-11,harrisonburg,virginia,978,2,15,53
1786,2020-07-12,harrisonburg,virginia,979,1,13,46
1787,2020-07-13,harrisonburg,virginia,988,9,22,52
1788,2020-07-14,harrisonburg,virginia,992,4,25,53
1789,2020-07-15,harrisonburg,virginia,996,4,24,59
1790,2020-07-16,harrisonburg,virginia,999,3,24,58
1791,2020-07-17,harrisonburg,virginia,1001,2,25,44
1792,2020-07-18,harrisonburg,virginia,1004,3,26,41
1793,2020-07-19,harrisonburg,virginia,1006,2,27,40
1794,2020-07-20,harrisonburg,virginia,1009,3,21,43
1795,2020-07-21,harrisonburg,virginia,1010,1,18,43
1796,2020-07-22,harrisonburg,virginia,1013,3,17,41
1797,2020-07-23,harrisonburg,virginia,1015,2,16,40
1798,2020-07-24,harrisonburg,virginia,1018,3,17,42
1799,2020-07-25,harrisonburg,virginia,1021,3,17,43
1800,2020-07-26,harrisonburg,virginia,1024,3,18,45
1801,2020-07-27,harrisonburg,virginia,1028,4,19,40
1802,2020-07-28,harrisonburg,virginia,1035,7,25,43
1803,2020-07-29,harrisonburg,virginia,1037,2,24,41
1804,2020-07-30,harrisonburg,virginia,1037,0,22,38
1805,2020-07-31,harrisonburg,virginia,1039,2,21,38
1806,2020-08-01,harrisonburg,virginia,1045,6,24,41
1807,2020-08-02,harrisonburg,virginia,1048,3,24,42
1808,2020-08-03,harrisonburg,virginia,1055,7,27,46
1809,2020-08-04,harrisonburg,virginia,1065,10,30,55
1810,2020-08-05,harrisonburg,virginia,1069,4,32,56
1811,2020-08-06,harrisonburg,virginia,1070,1,33,55
1812,2020-08-07,harrisonburg,virginia,1075,5,36,57
1813,2020-08-08,harrisonburg,virginia,1076,1,31,55
1814,2020-08-09,harrisonburg,virginia,1077,1,29,53
1815,2020-08-10,harrisonburg,virginia,1079,2,24,51
1816,2020-08-11,harrisonburg,virginia,1082,3,17,47
1817,2020-08-12,harrisonburg,virginia,1083,1,14,46
1818,2020-08-13,harrisonburg,virginia,1086,3,16,49
1819,2020-08-14,harrisonburg,virginia,1088,2,13,49
1820,2020-08-15,harrisonburg,virginia,1093,5,17,48
1821,2020-08-16,harrisonburg,virginia,1099,6,22,51
1822,2020-08-17,harrisonburg,virginia,1106,7,27,51
1823,2020-08-18,harrisonburg,virginia,1109,3,27,44
1824,2020-08-19,harrisonburg,virginia,1115,6,32,46
1825,2020-08-20,harrisonburg,virginia,1115,0,29,45
1826,2020-08-21,harrisonburg,virginia,1119,4,31,44
1827,2020-08-22,harrisonburg,virginia,1124,5,31,48
1828,2020-08-23,harrisonburg,virginia,1130,6,31,53
1829,2020-08-24,harrisonburg,virginia,1143,13,37,64
1830,2020-08-25,harrisonburg,virginia,1155,12,46,73
1831,2020-08-26,harrisonburg,virginia,1161,6,46,78
1832,2020-08-27,harrisonburg,virginia,1179,18,64,93
1833,2020-08-28,harrisonburg,virginia,1203,24,84,115
1834,2020-08-29,harrisonburg,virginia,1240,37,116,147
1835,2020-08-30,harrisonburg,virginia,1285,45,155,186
1836,2020-08-31,harrisonburg,virginia,1346,61,203,240
1837,2020-09-01,harrisonburg,virginia,1423,77,268,314
1838,2020-09-02,harrisonburg,virginia,1496,73,335,381
1839,2020-09-03,harrisonburg,virginia,1551,55,372,436
1840,2020-09-04,harrisonburg,virginia,1587,36,384,468
1841,2020-09-05,harrisonburg,virginia,1665,78,425,541
1842,2020-09-06,harrisonburg,virginia,1735,70,450,605
1843,2020-09-07,harrisonburg,virginia,1793,58,447,650
1844,2020-09-08,harrisonburg,virginia,1936,143,513,781
1845,2020-09-09,harrisonburg,virginia,1989,53,493,828
1846,2020-09-10,harrisonburg,virginia,2036,47,485,857
1847,2020-09-11,harrisonburg,virginia,2090,54,503,887
1848,2020-09-12,harrisonburg,virginia,2143,53,478,903
1849,2020-09-13,harrisonburg,virginia,2148,5,413,863
1850,2020-09-14,harrisonburg,virginia,2184,36,391,838
1851,2020-09-15,harrisonburg,virginia,2269,85,333,846
1852,2020-09-16,harrisonburg,virginia,2293,24,304,797
1853,2020-09-17,harrisonburg,virginia,2343,50,307,792
1854,2020-09-18,harrisonburg,virginia,2405,62,315,818
1855,2020-09-19,harrisonburg,virginia,2420,15,277,755
1856,2020-09-20,harrisonburg,virginia,2458,38,310,723
1857,2020-09-21,harrisonburg,virginia,2488,30,304,695
1858,2020-09-22,harrisonburg,virginia,2524,36,255,588
1859,2020-09-23,harrisonburg,virginia,2541,17,248,552
1860,2020-09-24,harrisonburg,virginia,2564,23,221,528
1861,2020-09-25,harrisonburg,virginia,2578,14,173,488
1862,2020-09-26,harrisonburg,virginia,2608,30,188,465
1863,2020-09-27,harrisonburg,virginia,2631,23,173,483
1864,2020-09-28,harrisonburg,virginia,2636,5,148,452
1865,2020-09-29,harrisonburg,virginia,2652,16,128,383
1866,2020-09-30,harrisonburg,virginia,2667,15,126,374
1867,2020-10-01,harrisonburg,virginia,2670,3,106,327
1868,2020-10-02,harrisonburg,virginia,2676,6,98,271
1869,2020-10-03,harrisonburg,virginia,2688,12,80,268
1870,2020-10-04,harrisonburg,virginia,2695,7,64,237
1871,2020-10-05,harrisonburg,virginia,2710,15,74,222
1872,2020-10-06,harrisonburg,virginia,2739,29,87,215
1873,2020-10-07,harrisonburg,virginia,2757,18,90,216
1874,2020-10-08,harrisonburg,virginia,2784,27,114,220
1875,2020-10-09,harrisonburg,virginia,2808,24,132,230
1876,2020-10-10,harrisonburg,virginia,2820,12,132,212
1877,2020-10-11,harrisonburg,virginia,2829,9,134,198
1878,2020-10-12,harrisonburg,virginia,2847,18,137,211
1879,2020-10-13,harrisonburg,virginia,2864,17,125,212
1880,2020-10-14,harrisonburg,virginia,2876,12,119,209
1881,2020-10-15,harrisonburg,virginia,2882,6,98,212
1882,2020-10-16,harrisonburg,virginia,2904,22,96,228
1883,2020-10-17,harrisonburg,virginia,2907,3,87,219
1884,2020-10-18,harrisonburg,virginia,2919,12,90,224
1885,2020-10-19,harrisonburg,virginia,2931,12,84,221
1886,2020-10-20,harrisonburg,virginia,2934,3,70,195
1887,2020-10-21,harrisonburg,virginia,2945,11,69,188
1888,2020-10-22,harrisonburg,virginia,2954,9,72,170
1889,2020-10-23,harrisonburg,virginia,2962,8,58,154
1890,2020-10-24,harrisonburg,virginia,2985,23,78,165
1891,2020-10-25,harrisonburg,virginia,2988,3,69,159
1892,2020-10-26,harrisonburg,virginia,3002,14,71,155
1893,2020-10-27,harrisonburg,virginia,3032,30,98,168
1894,2020-10-28,harrisonburg,virginia,3040,8,95,164
1895,2020-10-29,harrisonburg,virginia,3050,10,96,168
1896,2020-10-30,harrisonburg,virginia,3113,63,151,209
1897,2020-10-31,harrisonburg,virginia,3127,14,142,220
1898,2020-11-01,harrisonburg,virginia,3135,8,147,216
1899,2020-11-02,harrisonburg,virginia,3136,1,134,205
1900,2020-11-03,harrisonburg,virginia,3146,10,114,212
1901,2020-11-04,harrisonburg,virginia,3153,7,113,208
1902,2020-11-05,harrisonburg,virginia,3161,8,111,207
1903,2020-11-06,harrisonburg,virginia,3183,22,70,221
1904,2020-11-07,harrisonburg,virginia,3197,14,70,212
1905,2020-11-08,harrisonburg,virginia,3197,0,62,209
1906,2020-11-09,harrisonburg,virginia,3205,8,69,203
1907,2020-11-10,harrisonburg,virginia,3217,12,71,185
1908,2020-11-11,harrisonburg,virginia,3224,7,71,184
1909,2020-11-12,harrisonburg,virginia,3225,1,64,175
1910,2020-11-13,harrisonburg,virginia,3235,10,52,122
1911,2020-11-14,harrisonburg,virginia,3247,12,50,120
1912,2020-11-15,harrisonburg,virginia,3247,0,50,112
1913,2020-11-16,harrisonburg,virginia,3256,9,51,120
1914,2020-11-17,harrisonburg,virginia,3291,35,74,145
1915,2020-11-18,harrisonburg,virginia,3296,5,72,143
1916,2020-11-19,harrisonburg,virginia,3296,0,71,135
1917,2020-11-20,harrisonburg,virginia,3319,23,84,136
1918,2020-11-21,harrisonburg,virginia,3347,28,100,150
1919,2020-11-22,harrisonburg,virginia,3359,12,112,162
1920,2020-11-23,harrisonburg,virginia,3374,15,118,169
1921,2020-11-24,harrisonburg,virginia,3390,16,99,173
1922,2020-11-25,harrisonburg,virginia,3397,7,101,173
1923,2020-11-26,harrisonburg,virginia,3422,25,126,197
1924,2020-11-27,harrisonburg,virginia,3424,2,105,189
1925,2020-11-28,harrisonburg,virginia,3461,37,114,214
1926,2020-11-29,harrisonburg,virginia,3471,10,112,224
1927,2020-11-30,harrisonburg,virginia,3472,1,98,216
1928,2020-12-01,harrisonburg,virginia,3482,10,92,191
1929,2020-12-02,harrisonburg,virginia,3493,11,96,197
1930,2020-12-03,harrisonburg,virginia,3498,5,76,202
1931,2020-12-04,harrisonburg,virginia,3529,31,105,210
1932,2020-12-05,harrisonburg,virginia,3565,36,104,218
