,date,county,state,fips,cases,deaths,new_cases,new_deaths,case_delta_7,death_delta_7,case_delta_14,death_delta_14
0,2020-03-01,New York City,New York,,1,0.0,,,,,,
1,2020-03-02,New York City,New York,,1,0.0,0.0,0.0,,,,
2,2020-03-03,New York City,New York,,2,0.0,1.0,0.0,,,,
3,2020-03-04,New York City,New York,,2,0.0,0.0,0.0,,,,
4,2020-03-05,New York City,New York,,4,0.0,2.0,0.0,,,,
5,2020-03-06,New York City,New York,,5,0.0,1.0,0.0,,,,
6,2020-03-07,New York City,New York,,12,0.0,7.0,0.0,,,,
7,2020-03-08,New York City,New York,,14,0.0,2.0,0.0,13.0,0.0,,
8,2020-03-09,New York City,New York,,20,0.0,6.0,0.0,19.0,0.0,,
9,2020-03-10,New York City,New York,,37,0.0,17.0,0.0,35.0,0.0,,
10,2020-03-11,New York City,New York,,52,0.0,15.0,0.0,50.0,0.0,,
11,2020-03-12,New York City,New York,,96,0.0,44.0,0.0,92.0,0.0,,
12,2020-03-13,New York City,New York,,155,0.0,59.0,0.0,150.0,0.0,,
13,2020-03-14,New York City,New York,,269,1.0,114.0,1.0,257.0,1.0,,
14,2020-03-15,New York City,New York,,330,5.0,61.0,4.0,316.0,5.0,329.0,5.0
15,2020-03-16,New York City,New York,,464,7.0,134.0,2.0,444.0,7.0,463.0,7.0
16,2020-03-17,New York City,New York,,646,11.0,182.0,4.0,609.0,11.0,644.0,11.0
17,2020-03-18,New York City,New York,,1344,25.0,698.0,14.0,1292.0,25.0,1342.0,25.0
18,2020-03-19,New York City,New York,,2477,31.0,1133.0,6.0,2381.0,31.0,2473.0,31.0
19,2020-03-20,New York City,New York,,4419,54.0,1942.0,23.0,4264.0,54.0,4414.0,54.0
20,2020-03-21,New York City,New York,,6226,75.0,1807.0,21.0,5957.0,74.0,6214.0,75.0
21,2020-03-22,New York City,New York,,9065,119.0,2839.0,44.0,8735.0,114.0,9051.0,119.0
22,2020-03-23,New York City,New York,,12329,155.0,3264.0,36.0,11865.0,148.0,12309.0,155.0
23,2020-03-24,New York City,New York,,14943,230.0,2614.0,75.0,14297.0,219.0,14906.0,230.0
24,2020-03-25,New York City,New York,,20061,330.0,5118.0,100.0,18717.0,305.0,20009.0,330.0
25,2020-03-26,New York City,New York,,23182,435.0,3121.0,105.0,20705.0,404.0,23086.0,435.0
26,2020-03-27,New York City,New York,,25509,560.0,2327.0,125.0,21090.0,506.0,25354.0,560.0
27,2020-03-28,New York City,New York,,30919,825.0,5410.0,265.0,24693.0,750.0,30650.0,824.0
28,2020-03-29,New York City,New York,,33983,991.0,3064.0,166.0,24918.0,872.0,33653.0,986.0
29,2020-03-30,New York City,New York,,38375,1202.0,4392.0,211.0,26046.0,1047.0,37911.0,1195.0
30,2020-03-31,New York City,New York,,43518,1475.0,5143.0,273.0,28575.0,1245.0,42872.0,1464.0
31,2020-04-01,New York City,New York,,47914,1848.0,4396.0,373.0,27853.0,1518.0,46570.0,1823.0
32,2020-04-02,New York City,New York,,52400,2152.0,4486.0,304.0,29218.0,1717.0,49923.0,2121.0
33,2020-04-03,New York City,New York,,57941,2648.0,5541.0,496.0,32432.0,2088.0,53522.0,2594.0
34,2020-04-04,New York City,New York,,64274,3221.0,6333.0,573.0,33355.0,2396.0,58048.0,3146.0
35,2020-04-05,New York City,New York,,68726,3646.0,4452.0,425.0,34743.0,2655.0,59661.0,3527.0
36,2020-04-06,New York City,New York,,73553,4857.0,4827.0,1211.0,35178.0,3655.0,61224.0,4702.0
37,2020-04-07,New York City,New York,,78498,5631.0,4945.0,774.0,34980.0,4156.0,63555.0,5401.0
38,2020-04-08,New York City,New York,,83673,6441.0,5175.0,810.0,35759.0,4593.0,63612.0,6111.0
39,2020-04-09,New York City,New York,,89127,7249.0,5454.0,808.0,36727.0,5097.0,65945.0,6814.0
40,2020-04-10,New York City,New York,,94702,7981.0,5575.0,732.0,36761.0,5333.0,69193.0,7421.0
41,2020-04-11,New York City,New York,,100840,8734.0,6138.0,753.0,36566.0,5513.0,69921.0,7909.0
42,2020-04-12,New York City,New York,,105939,9448.0,5099.0,714.0,37213.0,5802.0,71956.0,8457.0
43,2020-04-13,New York City,New York,,109706,10096.0,3767.0,648.0,36153.0,5239.0,71331.0,8894.0
44,2020-04-14,New York City,New York,,113632,10857.0,3926.0,761.0,35134.0,5226.0,70114.0,9382.0
45,2020-04-15,New York City,New York,,121653,11566.0,8021.0,709.0,37980.0,5125.0,73739.0,9718.0
46,2020-04-16,New York City,New York,,126623,12109.0,4970.0,543.0,37496.0,4860.0,74223.0,9957.0
47,2020-04-17,New York City,New York,,131003,12283.0,4380.0,174.0,36301.0,4302.0,73062.0,9635.0
48,2020-04-18,New York City,New York,,135052,12411.0,4049.0,128.0,34212.0,3677.0,70778.0,9190.0
49,2020-04-19,New York City,New York,,138370,13632.0,3318.0,1221.0,32431.0,4184.0,69644.0,9986.0
50,2020-04-20,New York City,New York,,140881,14074.0,2511.0,442.0,31175.0,3978.0,67328.0,9217.0
51,2020-04-21,New York City,New York,,143547,14513.0,2666.0,439.0,29915.0,3656.0,65049.0,8882.0
52,2020-04-22,New York City,New York,,146787,14959.0,3240.0,446.0,25134.0,3393.0,63114.0,8518.0
53,2020-04-23,New York City,New York,,150327,15361.0,3540.0,402.0,23704.0,3252.0,61200.0,8112.0
54,2020-04-24,New York City,New York,,155081,15754.0,4754.0,393.0,24078.0,3471.0,60379.0,7773.0
55,2020-04-25,New York City,New York,,159851,16146.0,4770.0,392.0,24799.0,3735.0,59011.0,7412.0
56,2020-04-26,New York City,New York,,163106,16486.0,3255.0,340.0,24736.0,2854.0,57167.0,7038.0
57,2020-04-27,New York City,New York,,165463,16821.0,2357.0,335.0,24582.0,2747.0,55757.0,6725.0
58,2020-04-28,New York City,New York,,167487,17206.0,2024.0,385.0,23940.0,2693.0,53855.0,6349.0
59,2020-04-29,New York City,New York,,170124,17597.0,2637.0,391.0,23337.0,2638.0,48471.0,6031.0
60,2020-04-30,New York City,New York,,172784,17809.0,2660.0,212.0,22457.0,2448.0,46161.0,5700.0
61,2020-05-01,New York City,New York,,174931,17931.0,2147.0,122.0,19850.0,2177.0,43928.0,5648.0
62,2020-05-02,New York City,New York,,177490,18021.0,2559.0,90.0,17639.0,1875.0,42438.0,5610.0
63,2020-05-03,New York City,New York,,179728,18451.0,2238.0,430.0,16622.0,1965.0,41358.0,4819.0
64,2020-05-04,New York City,New York,,181034,18580.0,1306.0,129.0,15571.0,1759.0,40153.0,4506.0
65,2020-05-05,New York City,New York,,182318,18719.0,1284.0,139.0,14831.0,1513.0,38771.0,4206.0
66,2020-05-06,New York City,New York,,183770,18993.0,1452.0,274.0,13646.0,1396.0,36983.0,4034.0
67,2020-05-07,New York City,New York,,185653,19141.0,1883.0,148.0,12869.0,1332.0,35326.0,3780.0
68,2020-05-08,New York City,New York,,187157,19210.0,1504.0,69.0,12226.0,1279.0,32076.0,3456.0
69,2020-05-09,New York City,New York,,188663,19324.0,1506.0,114.0,11173.0,1303.0,28812.0,3178.0
70,2020-05-10,New York City,New York,,189656,19436.0,993.0,112.0,9928.0,985.0,26550.0,2950.0
71,2020-05-11,New York City,New York,,190546,19563.0,890.0,127.0,9512.0,983.0,25083.0,2742.0
72,2020-05-12,New York City,New York,,191320,19736.0,774.0,173.0,9002.0,1017.0,23833.0,2530.0
73,2020-05-13,New York City,New York,,192394,19815.0,1074.0,79.0,8624.0,822.0,22270.0,2218.0
74,2020-05-14,New York City,New York,,193663,19904.0,1269.0,89.0,8010.0,763.0,20879.0,2095.0
75,2020-05-15,New York City,New York,,195472,19972.0,1809.0,68.0,8315.0,762.0,20541.0,2041.0
76,2020-05-16,New York City,New York,,196481,20071.0,1009.0,99.0,7818.0,747.0,18991.0,2050.0
77,2020-05-17,New York City,New York,,197486,20214.0,1005.0,143.0,7830.0,778.0,17758.0,1763.0
78,2020-05-18,New York City,New York,,198114,20298.0,628.0,84.0,7568.0,735.0,17080.0,1718.0
79,2020-05-19,New York City,New York,,198710,20376.0,596.0,78.0,7390.0,640.0,16392.0,1657.0
80,2020-05-20,New York City,New York,,199392,20422.0,682.0,46.0,6998.0,607.0,15622.0,1429.0
81,2020-05-21,New York City,New York,,200507,20491.0,1115.0,69.0,6844.0,587.0,14854.0,1350.0
82,2020-05-22,New York City,New York,,201298,20569.0,791.0,78.0,5826.0,597.0,14141.0,1359.0
83,2020-05-23,New York City,New York,,202062,20621.0,764.0,52.0,5581.0,550.0,13399.0,1297.0
84,2020-05-24,New York City,New York,,202931,20697.0,869.0,76.0,5445.0,483.0,13275.0,1261.0
85,2020-05-25,New York City,New York,,203569,20740.0,638.0,43.0,5455.0,442.0,13023.0,1177.0
86,2020-05-26,New York City,New York,,204111,20795.0,542.0,55.0,5401.0,419.0,12791.0,1059.0
87,2020-05-27,New York City,New York,,204781,20844.0,670.0,49.0,5389.0,422.0,12387.0,1029.0
88,2020-05-28,New York City,New York,,205854,20895.0,1073.0,51.0,5347.0,404.0,12191.0,991.0
89,2020-05-29,New York City,New York,,206800,20960.0,946.0,65.0,5502.0,391.0,11328.0,988.0
90,2020-05-30,New York City,New York,,207539,20991.0,739.0,31.0,5477.0,370.0,11058.0,920.0
91,2020-05-31,New York City,New York,,208085,21050.0,546.0,59.0,5154.0,353.0,10599.0,836.0
92,2020-06-01,New York City,New York,,208550,21090.0,465.0,40.0,4981.0,350.0,10436.0,792.0
93,2020-06-02,New York City,New York,,209195,21132.0,645.0,42.0,5084.0,337.0,10485.0,756.0
94,2020-06-03,New York City,New York,,209688,21170.0,493.0,38.0,4907.0,326.0,10296.0,748.0
95,2020-06-04,New York City,New York,,210227,21234.0,539.0,64.0,4373.0,339.0,9720.0,743.0
96,2020-06-05,New York City,New York,,210728,21262.0,501.0,28.0,3928.0,302.0,9430.0,693.0
97,2020-06-06,New York City,New York,,211274,21294.0,546.0,32.0,3735.0,303.0,9212.0,673.0
98,2020-06-07,New York City,New York,,211728,21323.0,454.0,29.0,3643.0,273.0,8797.0,626.0
99,2020-06-08,New York City,New York,,212122,21356.0,394.0,33.0,3572.0,266.0,8553.0,616.0
100,2020-06-09,New York City,New York,,212469,21396.0,347.0,40.0,3274.0,264.0,8358.0,601.0
101,2020-06-10,New York City,New York,,212884,21436.0,415.0,40.0,3196.0,266.0,8103.0,592.0
102,2020-06-11,New York City,New York,,213271,21468.0,387.0,32.0,3044.0,234.0,7417.0,573.0
103,2020-06-12,New York City,New York,,213707,21519.0,436.0,51.0,2979.0,257.0,6907.0,559.0
104,2020-06-13,New York City,New York,,214242,21551.0,535.0,32.0,2968.0,257.0,6703.0,560.0
105,2020-06-14,New York City,New York,,214627,21578.0,385.0,27.0,2899.0,255.0,6542.0,528.0
106,2020-06-15,New York City,New York,,215011,21600.0,384.0,22.0,2889.0,244.0,6461.0,510.0
107,2020-06-16,New York City,New York,,215342,21619.0,331.0,19.0,2873.0,223.0,6147.0,487.0
108,2020-06-17,New York City,New York,,215686,21645.0,344.0,26.0,2802.0,209.0,5998.0,475.0
109,2020-06-18,New York City,New York,,216013,21673.0,327.0,28.0,2742.0,205.0,5786.0,439.0
110,2020-06-19,New York City,New York,,216421,21710.0,408.0,37.0,2714.0,191.0,5693.0,448.0
111,2020-06-20,New York City,New York,,216803,21719.0,382.0,9.0,2561.0,168.0,5529.0,425.0
112,2020-06-21,New York City,New York,,217189,21753.0,386.0,34.0,2562.0,175.0,5461.0,430.0
113,2020-06-22,New York City,New York,,217487,21796.0,298.0,43.0,2476.0,196.0,5365.0,440.0
114,2020-06-23,New York City,New York,,217803,21817.0,316.0,21.0,2461.0,198.0,5334.0,421.0
115,2020-06-24,New York City,New York,,218089,21838.0,286.0,21.0,2403.0,193.0,5205.0,402.0
116,2020-06-25,New York City,New York,,218429,21856.0,340.0,18.0,2416.0,183.0,5158.0,388.0
117,2020-06-26,New York City,New York,,218799,21893.0,370.0,37.0,2378.0,183.0,5092.0,374.0
118,2020-06-27,New York City,New York,,219157,21913.0,358.0,20.0,2354.0,194.0,4915.0,362.0
119,2020-06-28,New York City,New York,,219481,21940.0,324.0,27.0,2292.0,187.0,4854.0,362.0
120,2020-06-29,New York City,New York,,219670,21941.0,189.0,1.0,2183.0,145.0,4659.0,341.0
121,2020-06-30,New York City,New York,,219844,22566.0,174.0,625.0,2041.0,749.0,4502.0,947.0
122,2020-07-01,New York City,New York,,220143,22574.0,299.0,8.0,2054.0,736.0,4457.0,929.0
123,2020-07-02,New York City,New York,,220567,22593.0,424.0,19.0,2138.0,737.0,4554.0,920.0
124,2020-07-03,New York City,New York,,221028,22610.0,461.0,17.0,2229.0,717.0,4607.0,900.0
125,2020-07-04,New York City,New York,,221395,22630.0,367.0,20.0,2238.0,717.0,4592.0,911.0
126,2020-07-05,New York City,New York,,221637,22661.0,242.0,31.0,2156.0,721.0,4448.0,908.0
127,2020-07-06,New York City,New York,,221882,22672.0,245.0,11.0,2212.0,731.0,4395.0,876.0
128,2020-07-07,New York City,New York,,222156,22690.0,274.0,18.0,2312.0,124.0,4353.0,873.0
129,2020-07-08,New York City,New York,,222444,22696.0,288.0,6.0,2301.0,122.0,4355.0,858.0
130,2020-07-09,New York City,New York,,222723,22719.0,279.0,23.0,2156.0,126.0,4294.0,863.0
131,2020-07-10,New York City,New York,,223078,22739.0,355.0,20.0,2050.0,129.0,4279.0,846.0
132,2020-07-11,New York City,New York,,223382,22750.0,304.0,11.0,1987.0,120.0,4225.0,837.0
133,2020-07-12,New York City,New York,,223725,22755.0,343.0,5.0,2088.0,94.0,4244.0,815.0
134,2020-07-13,New York City,New York,,223977,22795.0,252.0,40.0,2095.0,123.0,4307.0,854.0
135,2020-07-14,New York City,New York,,224293,22808.0,316.0,13.0,2137.0,118.0,4449.0,242.0
136,2020-07-15,New York City,New York,,224662,22825.0,369.0,17.0,2218.0,129.0,4519.0,251.0
137,2020-07-16,New York City,New York,,225045,22842.0,383.0,17.0,2322.0,123.0,4478.0,249.0
138,2020-07-17,New York City,New York,,225414,22848.0,369.0,6.0,2336.0,109.0,4386.0,238.0
139,2020-07-18,New York City,New York,,225799,22859.0,385.0,11.0,2417.0,109.0,4404.0,229.0
140,2020-07-19,New York City,New York,,226104,22872.0,305.0,13.0,2379.0,117.0,4467.0,211.0
141,2020-07-20,New York City,New York,,226388,22882.0,284.0,10.0,2411.0,87.0,4506.0,210.0
142,2020-07-21,New York City,New York,,226779,22895.0,391.0,13.0,2486.0,87.0,4623.0,205.0
143,2020-07-22,New York City,New York,,227130,22899.0,351.0,4.0,2468.0,74.0,4686.0,203.0
144,2020-07-23,New York City,New York,,227517,22934.0,387.0,35.0,2472.0,92.0,4794.0,215.0
145,2020-07-24,New York City,New York,,227882,22936.0,365.0,2.0,2468.0,88.0,4804.0,197.0
146,2020-07-25,New York City,New York,,228220,22947.0,338.0,11.0,2421.0,88.0,4838.0,197.0
147,2020-07-26,New York City,New York,,228445,22956.0,225.0,9.0,2341.0,84.0,4720.0,201.0
148,2020-07-27,New York City,New York,,228740,22970.0,295.0,14.0,2352.0,88.0,4763.0,175.0
149,2020-07-28,New York City,New York,,228939,22977.0,199.0,7.0,2160.0,82.0,4646.0,169.0
150,2020-07-29,New York City,New York,,229237,22982.0,298.0,5.0,2107.0,83.0,4575.0,157.0
151,2020-07-30,New York City,New York,,229551,22996.0,314.0,14.0,2034.0,62.0,4506.0,154.0
152,2020-07-31,New York City,New York,,229834,23002.0,283.0,6.0,1952.0,66.0,4420.0,154.0
153,2020-08-01,New York City,New York,,230147,23007.0,313.0,5.0,1927.0,60.0,4348.0,148.0
154,2020-08-02,New York City,New York,,230410,23012.0,263.0,5.0,1965.0,56.0,4306.0,140.0
155,2020-08-03,New York City,New York,,230648,23021.0,238.0,9.0,1908.0,51.0,4260.0,139.0
156,2020-08-04,New York City,New York,,230964,23027.0,316.0,6.0,2025.0,50.0,4185.0,132.0
157,2020-08-05,New York City,New York,,231268,23034.0,304.0,7.0,2031.0,52.0,4138.0,135.0
158,2020-08-06,New York City,New York,,231600,23563.0,332.0,529.0,2049.0,567.0,4083.0,629.0
159,2020-08-07,New York City,New York,,231942,23567.0,342.0,4.0,2108.0,565.0,4060.0,631.0
160,2020-08-08,New York City,New York,,232271,23575.0,329.0,8.0,2124.0,568.0,4051.0,628.0
161,2020-08-09,New York City,New York,,232517,23580.0,246.0,5.0,2107.0,568.0,4072.0,624.0
162,2020-08-10,New York City,New York,,232756,23586.0,239.0,6.0,2108.0,565.0,4016.0,616.0
163,2020-08-11,New York City,New York,,233030,23592.0,274.0,6.0,2066.0,565.0,4091.0,615.0
164,2020-08-12,New York City,New York,,233422,23602.0,392.0,10.0,2154.0,568.0,4185.0,620.0
165,2020-08-13,New York City,New York,,233859,23610.0,437.0,8.0,2259.0,47.0,4308.0,614.0
166,2020-08-14,New York City,New York,,234223,23615.0,364.0,5.0,2281.0,48.0,4389.0,613.0
167,2020-08-15,New York City,New York,,234609,23621.0,386.0,6.0,2338.0,46.0,4462.0,614.0
168,2020-08-16,New York City,New York,,234918,23628.0,309.0,7.0,2401.0,48.0,4508.0,616.0
169,2020-08-17,New York City,New York,,235155,23634.0,237.0,6.0,2399.0,48.0,4507.0,613.0
170,2020-08-18,New York City,New York,,235446,23642.0,291.0,8.0,2416.0,50.0,4482.0,615.0
171,2020-08-19,New York City,New York,,235714,23643.0,268.0,1.0,2292.0,41.0,4446.0,609.0
172,2020-08-20,New York City,New York,,235985,23639.0,271.0,-4.0,2126.0,29.0,4385.0,76.0
173,2020-08-21,New York City,New York,,236269,23641.0,284.0,2.0,2046.0,26.0,4327.0,74.0
174,2020-08-22,New York City,New York,,236534,23646.0,265.0,5.0,1925.0,25.0,4263.0,71.0
175,2020-08-23,New York City,New York,,236822,23658.0,288.0,12.0,1904.0,30.0,4305.0,78.0
176,2020-08-24,New York City,New York,,237032,23662.0,210.0,4.0,1877.0,28.0,4276.0,76.0
177,2020-08-25,New York City,New York,,237263,23666.0,231.0,4.0,1817.0,24.0,4233.0,74.0
178,2020-08-26,New York City,New York,,237525,23669.0,262.0,3.0,1811.0,26.0,4103.0,67.0
179,2020-08-27,New York City,New York,,237838,23674.0,313.0,5.0,1853.0,35.0,3979.0,64.0
180,2020-08-28,New York City,New York,,238107,23680.0,269.0,6.0,1838.0,39.0,3884.0,65.0
181,2020-08-29,New York City,New York,,238385,23683.0,278.0,3.0,1851.0,37.0,3776.0,62.0
182,2020-08-30,New York City,New York,,238677,23689.0,292.0,6.0,1855.0,31.0,3759.0,61.0
183,2020-08-31,New York City,New York,,238938,23695.0,261.0,6.0,1906.0,33.0,3783.0,61.0
184,2020-09-01,New York City,New York,,239246,23703.0,308.0,8.0,1983.0,37.0,3800.0,61.0
185,2020-09-02,New York City,New York,,239512,23708.0,266.0,5.0,1987.0,39.0,3798.0,65.0
186,2020-09-03,New York City,New York,,239815,23710.0,303.0,2.0,1977.0,36.0,3830.0,71.0
187,2020-09-04,New York City,New York,,240139,23716.0,324.0,6.0,2032.0,36.0,3870.0,75.0
188,2020-09-05,New York City,New York,,240416,23721.0,277.0,5.0,2031.0,38.0,3882.0,75.0
189,2020-09-06,New York City,New York,,240711,23721.0,295.0,0.0,2034.0,32.0,3889.0,63.0
190,2020-09-07,New York City,New York,,240919,23736.0,208.0,15.0,1981.0,41.0,3887.0,74.0
191,2020-09-08,New York City,New York,,241141,23744.0,222.0,8.0,1895.0,41.0,3878.0,78.0
192,2020-09-09,New York City,New York,,241351,23741.0,210.0,-3.0,1839.0,33.0,3826.0,72.0
193,2020-09-10,New York City,New York,,241686,23741.0,335.0,0.0,1871.0,31.0,3848.0,67.0
194,2020-09-11,New York City,New York,,241936,23739.0,250.0,-2.0,1797.0,23.0,3829.0,59.0
195,2020-09-12,New York City,New York,,242242,23743.0,306.0,4.0,1826.0,22.0,3857.0,60.0
196,2020-09-13,New York City,New York,,242486,23743.0,244.0,0.0,1775.0,22.0,3809.0,54.0
197,2020-09-14,New York City,New York,,242754,23750.0,268.0,7.0,1835.0,14.0,3816.0,55.0
198,2020-09-15,New York City,New York,,243061,23758.0,307.0,8.0,1920.0,14.0,3815.0,55.0
199,2020-09-16,New York City,New York,,243314,23762.0,253.0,4.0,1963.0,21.0,3802.0,54.0
200,2020-09-17,New York City,New York,,243644,23767.0,330.0,5.0,1958.0,26.0,3829.0,57.0
201,2020-09-18,New York City,New York,,243995,23775.0,351.0,8.0,2059.0,36.0,3856.0,59.0
202,2020-09-19,New York City,New York,,244484,23771.0,489.0,-4.0,2242.0,28.0,4068.0,50.0
203,2020-09-20,New York City,New York,,244885,23777.0,401.0,6.0,2399.0,34.0,4174.0,56.0
204,2020-09-21,New York City,New York,,245147,23782.0,262.0,5.0,2393.0,32.0,4228.0,46.0
205,2020-09-22,New York City,New York,,245495,23780.0,348.0,-2.0,2434.0,22.0,4354.0,36.0
206,2020-09-23,New York City,New York,,245776,23780.0,281.0,0.0,2462.0,18.0,4425.0,39.0
207,2020-09-24,New York City,New York,,246198,23785.0,422.0,5.0,2554.0,18.0,4512.0,44.0
208,2020-09-25,New York City,New York,,246570,23792.0,372.0,7.0,2575.0,17.0,4634.0,53.0
209,2020-09-26,New York City,New York,,247000,23795.0,430.0,3.0,2516.0,24.0,4758.0,52.0
210,2020-09-27,New York City,New York,,247384,23801.0,384.0,6.0,2499.0,24.0,4898.0,58.0
211,2020-09-28,New York City,New York,,247765,23810.0,381.0,9.0,2618.0,28.0,5011.0,60.0
212,2020-09-29,New York City,New York,,248287,23814.0,522.0,4.0,2792.0,34.0,5226.0,56.0
213,2020-09-30,New York City,New York,,248738,23823.0,451.0,9.0,2962.0,43.0,5424.0,61.0
214,2020-10-01,New York City,New York,,249272,23829.0,534.0,6.0,3074.0,44.0,5628.0,62.0
215,2020-10-02,New York City,New York,,249874,23846.0,602.0,17.0,3304.0,54.0,5879.0,71.0
216,2020-10-03,New York City,New York,,250583,23844.0,709.0,-2.0,3583.0,49.0,6099.0,73.0
217,2020-10-04,New York City,New York,,251119,23852.0,536.0,8.0,3735.0,51.0,6234.0,75.0
218,2020-10-05,New York City,New York,,251591,23861.0,472.0,9.0,3826.0,51.0,6444.0,79.0
219,2020-10-06,New York City,New York,,252159,23866.0,568.0,5.0,3872.0,52.0,6664.0,86.0
220,2020-10-07,New York City,New York,,252703,23873.0,544.0,7.0,3965.0,50.0,6927.0,93.0
221,2020-10-08,New York City,New York,,253398,23874.0,695.0,1.0,4126.0,45.0,7200.0,89.0
222,2020-10-09,New York City,New York,,254023,23879.0,625.0,5.0,4149.0,33.0,7453.0,87.0
223,2020-10-10,New York City,New York,,254599,23882.0,576.0,3.0,4016.0,38.0,7599.0,87.0
224,2020-10-11,New York City,New York,,255068,23883.0,469.0,1.0,3949.0,31.0,7684.0,82.0
225,2020-10-12,New York City,New York,,255464,23890.0,396.0,7.0,3873.0,29.0,7699.0,80.0
226,2020-10-13,New York City,New York,,256007,23895.0,543.0,5.0,3848.0,29.0,7720.0,81.0
227,2020-10-14,New York City,New York,,256474,23905.0,467.0,10.0,3771.0,32.0,7736.0,82.0
228,2020-10-15,New York City,New York,,256986,23915.0,512.0,10.0,3588.0,41.0,7714.0,86.0
229,2020-10-16,New York City,New York,,257642,23915.0,656.0,0.0,3619.0,36.0,7768.0,69.0
230,2020-10-17,New York City,New York,,258452,23925.0,810.0,10.0,3853.0,43.0,7869.0,81.0
231,2020-10-18,New York City,New York,,259064,23935.0,612.0,10.0,3996.0,52.0,7945.0,83.0
232,2020-10-19,New York City,New York,,259484,23944.0,420.0,9.0,4020.0,54.0,7893.0,83.0
233,2020-10-20,New York City,New York,,259920,23944.0,436.0,0.0,3913.0,49.0,7761.0,78.0
234,2020-10-21,New York City,New York,,260762,23949.0,842.0,5.0,4288.0,44.0,8059.0,76.0
235,2020-10-22,New York City,New York,,261293,23955.0,531.0,6.0,4307.0,40.0,7895.0,81.0
236,2020-10-23,New York City,New York,,261863,23963.0,570.0,8.0,4221.0,48.0,7840.0,84.0
237,2020-10-24,New York City,New York,,262615,23963.0,752.0,0.0,4163.0,38.0,8016.0,81.0
238,2020-10-25,New York City,New York,,263269,23967.0,654.0,4.0,4205.0,32.0,8201.0,84.0
239,2020-10-26,New York City,New York,,263694,23969.0,425.0,2.0,4210.0,25.0,8230.0,79.0
240,2020-10-27,New York City,New York,,264428,23978.0,734.0,9.0,4508.0,34.0,8421.0,83.0
241,2020-10-28,New York City,New York,,265263,23980.0,835.0,2.0,4501.0,31.0,8789.0,75.0
242,2020-10-29,New York City,New York,,266321,23989.0,1058.0,9.0,5028.0,34.0,9335.0,74.0
243,2020-10-30,New York City,New York,,267227,23996.0,906.0,7.0,5364.0,33.0,9585.0,81.0
244,2020-10-31,New York City,New York,,267929,24001.0,702.0,5.0,5314.0,38.0,9477.0,76.0
245,2020-11-01,New York City,New York,,268879,24013.0,950.0,12.0,5610.0,46.0,9815.0,78.0
246,2020-11-02,New York City,New York,,269519,24017.0,640.0,4.0,5825.0,48.0,10035.0,73.0
247,2020-11-03,New York City,New York,,270317,24021.0,798.0,4.0,5889.0,43.0,10397.0,77.0
248,2020-11-04,New York City,New York,,271112,24034.0,795.0,13.0,5849.0,54.0,10350.0,85.0
249,2020-11-05,New York City,New York,,272184,24047.0,1072.0,13.0,5863.0,58.0,10891.0,92.0
250,2020-11-06,New York City,New York,,273386,24054.0,1202.0,7.0,6159.0,58.0,11523.0,91.0
251,2020-11-07,New York City,New York,,274551,24060.0,1165.0,6.0,6622.0,59.0,11936.0,97.0
252,2020-11-08,New York City,New York,,275944,24074.0,1393.0,14.0,7065.0,61.0,12675.0,107.0
253,2020-11-09,New York City,New York,,277105,24085.0,1161.0,11.0,7586.0,68.0,13411.0,116.0
254,2020-11-10,New York City,New York,,278312,24087.0,1207.0,2.0,7995.0,66.0,13884.0,109.0
255,2020-11-11,New York City,New York,,280044,24096.0,1732.0,9.0,8932.0,62.0,14781.0,116.0
256,2020-11-12,New York City,New York,,281707,24099.0,1663.0,3.0,9523.0,52.0,15386.0,110.0
257,2020-11-13,New York City,New York,,283533,24108.0,1826.0,9.0,10147.0,54.0,16306.0,112.0
258,2020-11-14,New York City,New York,,285333,24118.0,1800.0,10.0,10782.0,58.0,17404.0,117.0
259,2020-11-15,New York City,New York,,286785,24124.0,1452.0,6.0,10841.0,50.0,17906.0,111.0
260,2020-11-16,New York City,New York,,288078,24136.0,1293.0,12.0,10973.0,51.0,18559.0,119.0
261,2020-11-17,New York City,New York,,290018,24146.0,1940.0,10.0,11706.0,59.0,19701.0,125.0
262,2020-11-18,New York City,New York,,291753,24149.0,1735.0,3.0,11709.0,53.0,20641.0,115.0
263,2020-11-19,New York City,New York,,293592,24167.0,1839.0,18.0,11885.0,68.0,21408.0,120.0
264,2020-11-20,New York City,New York,,295622,24188.0,2030.0,21.0,12089.0,80.0,22236.0,134.0
265,2020-11-21,New York City,New York,,297570,24202.0,1948.0,14.0,12237.0,84.0,23019.0,142.0
266,2020-11-22,New York City,New York,,299495,24206.0,1925.0,4.0,12710.0,82.0,23551.0,132.0
267,2020-11-23,New York City,New York,,301282,24218.0,1787.0,12.0,13204.0,82.0,24177.0,133.0
268,2020-11-24,New York City,New York,,303007,24220.0,1725.0,2.0,12989.0,74.0,24695.0,133.0
269,2020-11-25,New York City,New York,,304925,24230.0,1918.0,10.0,13172.0,81.0,24881.0,134.0
270,2020-11-26,New York City,New York,,307261,24241.0,2336.0,11.0,13669.0,74.0,25554.0,142.0
271,2020-11-27,New York City,New York,,309822,24255.0,2561.0,14.0,14200.0,67.0,26289.0,147.0
272,2020-11-28,New York City,New York,,311920,24260.0,2098.0,5.0,14350.0,58.0,26587.0,142.0
273,2020-11-29,New York City,New York,,314223,24268.0,2303.0,8.0,14728.0,62.0,27438.0,144.0
274,2020-11-30,New York City,New York,,316724,24274.0,2501.0,6.0,15442.0,56.0,28646.0,138.0
275,2020-12-01,New York City,New York,,319301,24287.0,2577.0,13.0,16294.0,67.0,29283.0,141.0
276,2020-12-02,New York City,New York,,322501,24297.0,3200.0,10.0,17576.0,67.0,30748.0,148.0
277,2020-12-03,New York City,New York,,325806,24305.0,3305.0,8.0,18545.0,64.0,32214.0,138.0
278,2020-12-04,New York City,New York,,329406,24323.0,3600.0,18.0,19584.0,68.0,33784.0,135.0
279,2020-12-05,New York City,New York,,332633,24346.0,3227.0,23.0,20713.0,86.0,35063.0,144.0
