,date,county,state,total_cases,new_cases,future_delta7,future_delta14
0,2020-03-11,baltimore,maryland,1,1,6,50
1,2020-03-12,baltimore,maryland,1,0,12,80
2,2020-03-13,baltimore,maryland,2,1,11,101
3,2020-03-14,baltimore,maryland,3,1,16,138
4,2020-03-15,baltimore,maryland,3,0,25,159
5,2020-03-16,baltimore,maryland,4,1,31,182
6,2020-03-17,baltimore,maryland,4,0,38,223
7,2020-03-18,baltimore,maryland,7,3,44,282
8,2020-03-19,baltimore,maryland,13,6,68,340
9,2020-03-20,baltimore,maryland,13,0,90,414
10,2020-03-21,baltimore,maryland,19,6,122,472
11,2020-03-22,baltimore,maryland,28,9,134,562
12,2020-03-23,baltimore,maryland,35,7,151,613
13,2020-03-24,baltimore,maryland,42,7,185,610
14,2020-03-25,baltimore,maryland,51,9,238,815
15,2020-03-26,baltimore,maryland,81,30,272,898
16,2020-03-27,baltimore,maryland,103,22,324,969
17,2020-03-28,baltimore,maryland,141,38,350,1032
18,2020-03-29,baltimore,maryland,162,21,428,1095
19,2020-03-30,baltimore,maryland,186,24,462,1175
20,2020-03-31,baltimore,maryland,227,41,425,1150
21,2020-04-01,baltimore,maryland,289,62,577,1201
22,2020-04-02,baltimore,maryland,353,64,626,1169
23,2020-04-03,baltimore,maryland,427,74,645,1149
24,2020-04-04,baltimore,maryland,491,64,682,1180
25,2020-04-05,baltimore,maryland,590,99,667,1149
26,2020-04-06,baltimore,maryland,648,58,713,1233
27,2020-04-07,baltimore,maryland,652,4,725,1280
28,2020-04-08,baltimore,maryland,866,214,624,1155
29,2020-04-09,baltimore,maryland,979,113,543,1162
30,2020-04-10,baltimore,maryland,1072,93,504,1171
31,2020-04-11,baltimore,maryland,1173,101,498,1224
32,2020-04-12,baltimore,maryland,1257,84,482,1262
33,2020-04-13,baltimore,maryland,1361,104,520,1198
34,2020-04-14,baltimore,maryland,1377,16,555,1267
35,2020-04-15,baltimore,maryland,1490,113,531,1264
36,2020-04-16,baltimore,maryland,1522,32,619,1322
37,2020-04-17,baltimore,maryland,1576,54,667,1450
38,2020-04-18,baltimore,maryland,1671,95,726,1526
39,2020-04-19,baltimore,maryland,1739,68,780,1576
40,2020-04-20,baltimore,maryland,1881,142,678,1582
41,2020-04-21,baltimore,maryland,1932,51,712,1513
42,2020-04-22,baltimore,maryland,2021,89,733,1520
43,2020-04-23,baltimore,maryland,2141,120,703,1535
44,2020-04-24,baltimore,maryland,2243,102,783,1535
45,2020-04-25,baltimore,maryland,2397,154,800,1356
46,2020-04-26,baltimore,maryland,2519,122,796,1359
47,2020-04-27,baltimore,maryland,2559,40,904,1405
48,2020-04-28,baltimore,maryland,2644,85,801,1423
49,2020-04-29,baltimore,maryland,2754,110,787,1421
50,2020-04-30,baltimore,maryland,2844,90,832,1462
51,2020-05-01,baltimore,maryland,3026,182,752,1390
52,2020-05-02,baltimore,maryland,3197,171,556,1369
53,2020-05-03,baltimore,maryland,3315,118,563,1327
54,2020-05-04,baltimore,maryland,3463,148,501,1304
55,2020-05-05,baltimore,maryland,3445,-18,622,1491
56,2020-05-06,baltimore,maryland,3541,96,634,1500
57,2020-05-07,baltimore,maryland,3676,135,630,1474
58,2020-05-08,baltimore,maryland,3778,102,638,1407
59,2020-05-09,baltimore,maryland,3753,-25,813,1552
60,2020-05-10,baltimore,maryland,3878,125,764,1510
61,2020-05-11,baltimore,maryland,3964,86,803,1527
62,2020-05-12,baltimore,maryland,4067,103,869,1446
63,2020-05-13,baltimore,maryland,4175,108,866,1403
64,2020-05-14,baltimore,maryland,4306,131,844,1387
65,2020-05-15,baltimore,maryland,4416,110,769,1419
66,2020-05-16,baltimore,maryland,4566,150,739,1404
67,2020-05-17,baltimore,maryland,4642,76,746,1438
68,2020-05-18,baltimore,maryland,4767,125,724,1548
69,2020-05-19,baltimore,maryland,4936,169,577,1465
70,2020-05-20,baltimore,maryland,5041,105,537,1432
71,2020-05-21,baltimore,maryland,5150,109,543,1342
72,2020-05-22,baltimore,maryland,5185,35,650,1421
73,2020-05-23,baltimore,maryland,5305,120,665,1408
74,2020-05-24,baltimore,maryland,5388,83,692,1382
75,2020-05-25,baltimore,maryland,5491,103,824,1340
76,2020-05-26,baltimore,maryland,5513,22,888,1358
77,2020-05-27,baltimore,maryland,5578,65,895,1357
78,2020-05-28,baltimore,maryland,5693,115,799,1312
79,2020-05-29,baltimore,maryland,5835,142,771,1236
80,2020-05-30,baltimore,maryland,5970,135,743,1158
81,2020-05-31,baltimore,maryland,6080,110,690,1092
82,2020-06-01,baltimore,maryland,6315,235,516,905
83,2020-06-02,baltimore,maryland,6401,86,470,868
84,2020-06-03,baltimore,maryland,6473,72,462,877
85,2020-06-04,baltimore,maryland,6492,19,513,901
86,2020-06-05,baltimore,maryland,6606,114,465,819
87,2020-06-06,baltimore,maryland,6713,107,415,789
88,2020-06-07,baltimore,maryland,6770,57,402,790
89,2020-06-08,baltimore,maryland,6831,61,389,777
90,2020-06-09,baltimore,maryland,6871,40,398,787
91,2020-06-10,baltimore,maryland,6935,64,415,740
92,2020-06-11,baltimore,maryland,7005,70,388,727
93,2020-06-12,baltimore,maryland,7071,66,354,719
94,2020-06-13,baltimore,maryland,7128,57,374,694
95,2020-06-14,baltimore,maryland,7172,44,388,697
96,2020-06-15,baltimore,maryland,7220,48,388,731
97,2020-06-16,baltimore,maryland,7269,49,389,738
98,2020-06-17,baltimore,maryland,7350,81,325,712
99,2020-06-18,baltimore,maryland,7393,43,339,733
100,2020-06-19,baltimore,maryland,7425,32,365,779
101,2020-06-20,baltimore,maryland,7502,77,320,753
102,2020-06-21,baltimore,maryland,7560,58,309,746
103,2020-06-22,baltimore,maryland,7608,48,343,748
104,2020-06-23,baltimore,maryland,7658,50,349,744
105,2020-06-24,baltimore,maryland,7675,17,387,789
106,2020-06-25,baltimore,maryland,7732,57,394,786
107,2020-06-26,baltimore,maryland,7790,58,414,813
108,2020-06-27,baltimore,maryland,7822,32,433,876
109,2020-06-28,baltimore,maryland,7869,47,437,950
110,2020-06-29,baltimore,maryland,7951,82,405,963
111,2020-06-30,baltimore,maryland,8007,56,395,1005
112,2020-07-01,baltimore,maryland,8062,55,402,1113
113,2020-07-02,baltimore,maryland,8126,64,392,1157
114,2020-07-03,baltimore,maryland,8204,78,399,1194
115,2020-07-04,baltimore,maryland,8255,51,443,1282
116,2020-07-05,baltimore,maryland,8306,51,513,1437
117,2020-07-06,baltimore,maryland,8356,50,558,1492
118,2020-07-07,baltimore,maryland,8402,46,610,1612
119,2020-07-08,baltimore,maryland,8464,62,711,1709
120,2020-07-09,baltimore,maryland,8518,54,765,1847
121,2020-07-10,baltimore,maryland,8603,85,795,1937
122,2020-07-11,baltimore,maryland,8698,95,839,2115
123,2020-07-12,baltimore,maryland,8819,121,924,2125
124,2020-07-13,baltimore,maryland,8914,95,934,2230
125,2020-07-14,baltimore,maryland,9012,98,1002,2262
126,2020-07-15,baltimore,maryland,9175,163,998,2270
127,2020-07-16,baltimore,maryland,9283,108,1082,2354
128,2020-07-17,baltimore,maryland,9398,115,1142,2442
129,2020-07-18,baltimore,maryland,9537,139,1276,2482
130,2020-07-19,baltimore,maryland,9743,206,1201,2454
131,2020-07-20,baltimore,maryland,9848,105,1296,2575
132,2020-07-21,baltimore,maryland,10014,166,1260,2533
133,2020-07-22,baltimore,maryland,10173,159,1272,2515
134,2020-07-23,baltimore,maryland,10365,192,1272,2434
135,2020-07-24,baltimore,maryland,10540,175,1300,2397
136,2020-07-25,baltimore,maryland,10813,273,1206,2269
137,2020-07-26,baltimore,maryland,10944,131,1253,2335
138,2020-07-27,baltimore,maryland,11144,200,1279,2278
139,2020-07-28,baltimore,maryland,11274,130,1273,2122
140,2020-07-29,baltimore,maryland,11445,171,1243,2040
141,2020-07-30,baltimore,maryland,11637,192,1162,1978
142,2020-07-31,baltimore,maryland,11840,203,1097,1882
143,2020-08-01,baltimore,maryland,12019,179,1063,1851
144,2020-08-02,baltimore,maryland,12197,178,1082,1767
145,2020-08-03,baltimore,maryland,12423,226,999,1643
146,2020-08-04,baltimore,maryland,12547,124,849,1592
147,2020-08-05,baltimore,maryland,12688,141,797,1515
148,2020-08-06,baltimore,maryland,12799,111,816,1551
149,2020-08-07,baltimore,maryland,12937,138,785,1557
150,2020-08-08,baltimore,maryland,13082,145,788,1526
151,2020-08-09,baltimore,maryland,13279,197,685,1437
152,2020-08-10,baltimore,maryland,13422,143,644,1389
153,2020-08-11,baltimore,maryland,13396,-26,743,1450
154,2020-08-12,baltimore,maryland,13485,89,718,1451
155,2020-08-13,baltimore,maryland,13615,130,735,1452
156,2020-08-14,baltimore,maryland,13722,107,772,1450
157,2020-08-15,baltimore,maryland,13870,148,738,1427
158,2020-08-16,baltimore,maryland,13964,94,752,1441
159,2020-08-17,baltimore,maryland,14066,102,745,1436
160,2020-08-18,baltimore,maryland,14139,73,707,1477
161,2020-08-19,baltimore,maryland,14203,64,733,1485
162,2020-08-20,baltimore,maryland,14350,147,717,1498
163,2020-08-21,baltimore,maryland,14494,144,678,1488
164,2020-08-22,baltimore,maryland,14608,114,689,1496
165,2020-08-23,baltimore,maryland,14716,108,689,1490
166,2020-08-24,baltimore,maryland,14811,95,691,1514
167,2020-08-25,baltimore,maryland,14846,35,770,1524
168,2020-08-26,baltimore,maryland,14936,90,752,1469
169,2020-08-27,baltimore,maryland,15067,131,781,1397
170,2020-08-28,baltimore,maryland,15172,105,810,1371
171,2020-08-29,baltimore,maryland,15297,125,807,1374
172,2020-08-30,baltimore,maryland,15405,108,801,1342
173,2020-08-31,baltimore,maryland,15502,97,823,1318
174,2020-09-01,baltimore,maryland,15616,114,754,1312
175,2020-09-02,baltimore,maryland,15688,72,717,1500
176,2020-09-03,baltimore,maryland,15848,160,616,1396
177,2020-09-04,baltimore,maryland,15982,134,561,1329
178,2020-09-05,baltimore,maryland,16104,122,567,1284
179,2020-09-06,baltimore,maryland,16206,102,541,1240
180,2020-09-07,baltimore,maryland,16325,119,495,1184
181,2020-09-08,baltimore,maryland,16370,45,558,1176
182,2020-09-09,baltimore,maryland,16405,35,783,1198
183,2020-09-10,baltimore,maryland,16464,59,780,1214
184,2020-09-11,baltimore,maryland,16543,79,768,1200
185,2020-09-12,baltimore,maryland,16671,128,717,1134
186,2020-09-13,baltimore,maryland,16747,76,699,1113
187,2020-09-14,baltimore,maryland,16820,73,689,1105
188,2020-09-15,baltimore,maryland,16928,108,618,1034
189,2020-09-16,baltimore,maryland,17188,260,415,829
190,2020-09-17,baltimore,maryland,17244,56,434,927
191,2020-09-18,baltimore,maryland,17311,67,432,925
192,2020-09-19,baltimore,maryland,17388,77,417,920
193,2020-09-20,baltimore,maryland,17446,58,414,931
194,2020-09-21,baltimore,maryland,17509,63,416,923
195,2020-09-22,baltimore,maryland,17546,37,416,932
196,2020-09-23,baltimore,maryland,17603,57,414,942
197,2020-09-24,baltimore,maryland,17678,75,493,1013
198,2020-09-25,baltimore,maryland,17743,65,493,1072
199,2020-09-26,baltimore,maryland,17805,62,503,1105
200,2020-09-27,baltimore,maryland,17860,55,517,1137
201,2020-09-28,baltimore,maryland,17925,65,507,1141
202,2020-09-29,baltimore,maryland,17962,37,516,1163
203,2020-09-30,baltimore,maryland,18017,55,528,1182
204,2020-10-01,baltimore,maryland,18171,154,520,1127
205,2020-10-02,baltimore,maryland,18236,65,579,1190
206,2020-10-03,baltimore,maryland,18308,72,602,1209
207,2020-10-04,baltimore,maryland,18377,69,620,1211
208,2020-10-05,baltimore,maryland,18432,55,634,1237
209,2020-10-06,baltimore,maryland,18478,46,647,1294
210,2020-10-07,baltimore,maryland,18545,67,654,1277
211,2020-10-08,baltimore,maryland,18691,146,607,1229
212,2020-10-09,baltimore,maryland,18815,124,611,1188
213,2020-10-10,baltimore,maryland,18910,95,607,1221
214,2020-10-11,baltimore,maryland,18997,87,591,1234
215,2020-10-12,baltimore,maryland,19066,69,603,1230
216,2020-10-13,baltimore,maryland,19125,59,647,1317
217,2020-10-14,baltimore,maryland,19199,74,623,1334
218,2020-10-15,baltimore,maryland,19298,99,622,1395
219,2020-10-16,baltimore,maryland,19426,128,577,1464
220,2020-10-17,baltimore,maryland,19517,91,614,1523
221,2020-10-18,baltimore,maryland,19588,71,643,1630
222,2020-10-19,baltimore,maryland,19669,81,627,1704
223,2020-10-20,baltimore,maryland,19772,103,670,1730
224,2020-10-21,baltimore,maryland,19822,50,711,1806
225,2020-10-22,baltimore,maryland,19920,98,773,1898
226,2020-10-23,baltimore,maryland,20003,83,887,2066
227,2020-10-24,baltimore,maryland,20131,128,909,2159
228,2020-10-25,baltimore,maryland,20231,100,987,2220
229,2020-10-26,baltimore,maryland,20296,65,1077,2396
230,2020-10-27,baltimore,maryland,20442,146,1060,2446
231,2020-10-28,baltimore,maryland,20533,91,1095,2595
232,2020-10-29,baltimore,maryland,20693,160,1125,2723
233,2020-10-30,baltimore,maryland,20890,197,1179,2816
234,2020-10-31,baltimore,maryland,21040,150,1250,2997
235,2020-11-01,baltimore,maryland,21218,178,1233,3091
236,2020-11-02,baltimore,maryland,21373,155,1319,3245
237,2020-11-03,baltimore,maryland,21502,129,1386,3419
238,2020-11-04,baltimore,maryland,21628,126,1500,3649
239,2020-11-05,baltimore,maryland,21818,190,1598,3959
240,2020-11-06,baltimore,maryland,22069,251,1637,4043
241,2020-11-07,baltimore,maryland,22290,221,1747,4317
242,2020-11-08,baltimore,maryland,22451,161,1858,4540
243,2020-11-09,baltimore,maryland,22692,241,1926,4555
244,2020-11-10,baltimore,maryland,22888,196,2033,4539
245,2020-11-11,baltimore,maryland,23128,240,2149,4677
246,2020-11-12,baltimore,maryland,23416,288,2361,4755
247,2020-11-13,baltimore,maryland,23706,290,2406,4823
248,2020-11-14,baltimore,maryland,24037,331,2570,4740
249,2020-11-15,baltimore,maryland,24309,272,2682,4724
250,2020-11-16,baltimore,maryland,24618,309,2629,4722
251,2020-11-17,baltimore,maryland,24921,303,2506,4749
252,2020-11-18,baltimore,maryland,25277,356,2528,4645
253,2020-11-19,baltimore,maryland,25777,500,2394,4436
254,2020-11-20,baltimore,maryland,26112,335,2417,4585
255,2020-11-21,baltimore,maryland,26607,495,2170,4496
256,2020-11-22,baltimore,maryland,26991,384,2042,
257,2020-11-23,baltimore,maryland,27247,256,2093,
258,2020-11-24,baltimore,maryland,27427,180,2243,
259,2020-11-25,baltimore,maryland,27805,378,2117,
260,2020-11-26,baltimore,maryland,28171,366,2042,
261,2020-11-27,baltimore,maryland,28529,358,2168,
262,2020-11-28,baltimore,maryland,28777,248,2326,
263,2020-11-29,baltimore,maryland,29033,256,,
264,2020-11-30,baltimore,maryland,29340,307,,
265,2020-12-01,baltimore,maryland,29670,330,,
266,2020-12-02,baltimore,maryland,29922,252,,
267,2020-12-03,baltimore,maryland,30213,291,,
268,2020-12-04,baltimore,maryland,30697,484,,
269,2020-12-05,baltimore,maryland,31103,406,,
270,2020-03-12,essex,new jersey,1,1,62,608
271,2020-03-13,essex,new jersey,6,5,67,820
272,2020-03-14,essex,new jersey,7,1,100,1079
273,2020-03-15,essex,new jersey,11,4,161,1216
274,2020-03-16,essex,new jersey,20,9,253,1544
275,2020-03-17,essex,new jersey,32,12,310,1868
276,2020-03-18,essex,new jersey,45,13,336,2217
277,2020-03-19,essex,new jersey,63,18,546,2554
278,2020-03-20,essex,new jersey,73,10,753,2994
279,2020-03-21,essex,new jersey,107,34,979,3477
280,2020-03-22,essex,new jersey,172,65,1055,3910
281,2020-03-23,essex,new jersey,273,101,1291,4220
282,2020-03-24,essex,new jersey,342,69,1558,4736
283,2020-03-25,essex,new jersey,381,39,1881,5217
284,2020-03-26,essex,new jersey,609,228,2008,5460
285,2020-03-27,essex,new jersey,826,217,2241,5754
286,2020-03-28,essex,new jersey,1086,260,2498,5921
287,2020-03-29,essex,new jersey,1227,141,2855,6183
288,2020-03-30,essex,new jersey,1564,337,2929,6070
289,2020-03-31,essex,new jersey,1900,336,3178,6312
290,2020-04-01,essex,new jersey,2262,362,3336,6317
291,2020-04-02,essex,new jersey,2617,355,3452,6467
292,2020-04-03,essex,new jersey,3067,450,3513,6605
293,2020-04-04,essex,new jersey,3584,517,3423,6317
294,2020-04-05,essex,new jersey,4082,498,3328,6222
295,2020-04-06,essex,new jersey,4493,411,3141,6236
296,2020-04-07,essex,new jersey,5078,585,3134,6050
297,2020-04-08,essex,new jersey,5598,520,2981,5789
298,2020-04-09,essex,new jersey,6069,471,3015,5742
299,2020-04-10,essex,new jersey,6580,511,3092,5530
300,2020-04-11,essex,new jersey,7007,427,2894,5513
301,2020-04-12,essex,new jersey,7410,403,2894,5453
302,2020-04-13,essex,new jersey,7634,224,3095,5413
303,2020-04-14,essex,new jersey,8212,578,2916,4978
304,2020-04-15,essex,new jersey,8579,367,2808,4866
305,2020-04-16,essex,new jersey,9084,505,2727,4598
306,2020-04-17,essex,new jersey,9672,588,2438,4322
307,2020-04-18,essex,new jersey,9901,229,2619,4347
308,2020-04-19,essex,new jersey,10304,403,2559,4217
309,2020-04-20,essex,new jersey,10729,425,2318,3892
310,2020-04-21,essex,new jersey,11128,399,2062,3712
311,2020-04-22,essex,new jersey,11387,259,2058,3564
312,2020-04-23,essex,new jersey,11811,424,1871,3284
313,2020-04-24,essex,new jersey,12110,299,1884,3146
314,2020-04-25,essex,new jersey,12520,410,1728,2845
315,2020-04-26,essex,new jersey,12863,343,1658,2661
316,2020-04-27,essex,new jersey,13047,184,1574,2555
317,2020-04-28,essex,new jersey,13190,143,1650,2468
318,2020-04-29,essex,new jersey,13445,255,1506,2304
319,2020-04-30,essex,new jersey,13682,237,1413,2142
320,2020-05-01,essex,new jersey,13994,312,1262,1959
321,2020-05-02,essex,new jersey,14248,254,1117,1784
322,2020-05-03,essex,new jersey,14521,273,1003,1619
323,2020-05-04,essex,new jersey,14621,100,981,1979
324,2020-05-05,essex,new jersey,14840,219,818,1846
325,2020-05-06,essex,new jersey,14951,111,798,1901
326,2020-05-07,essex,new jersey,15095,144,729,1811
327,2020-05-08,essex,new jersey,15256,161,697,1758
328,2020-05-09,essex,new jersey,15365,109,667,1700
329,2020-05-10,essex,new jersey,15524,159,616,1618
330,2020-05-11,essex,new jersey,15602,78,998,1600
331,2020-05-12,essex,new jersey,15658,56,1028,1597
332,2020-05-13,essex,new jersey,15749,91,1103,1589
333,2020-05-14,essex,new jersey,15824,75,1082,1626
334,2020-05-15,essex,new jersey,15953,129,1061,1593
335,2020-05-16,essex,new jersey,16032,79,1033,1562
336,2020-05-17,essex,new jersey,16140,108,1002,1489
337,2020-05-18,essex,new jersey,16600,460,602,1095
338,2020-05-19,essex,new jersey,16686,86,569,1066
339,2020-05-20,essex,new jersey,16852,166,486,959
340,2020-05-21,essex,new jersey,16906,54,544,1006
341,2020-05-22,essex,new jersey,17014,108,532,1005
342,2020-05-23,essex,new jersey,17065,51,529,1001
343,2020-05-24,essex,new jersey,17142,77,487,935
344,2020-05-25,essex,new jersey,17202,60,493,915
345,2020-05-26,essex,new jersey,17255,53,497,896
346,2020-05-27,essex,new jersey,17338,83,473,868
347,2020-05-28,essex,new jersey,17450,112,462,784
348,2020-05-29,essex,new jersey,17546,96,473,749
349,2020-05-30,essex,new jersey,17594,48,472,742
350,2020-05-31,essex,new jersey,17629,35,448,735
351,2020-06-01,essex,new jersey,17695,66,422,680
352,2020-06-02,essex,new jersey,17752,57,399,636
353,2020-06-03,essex,new jersey,17811,59,395,610
354,2020-06-04,essex,new jersey,17912,101,322,587
355,2020-06-05,essex,new jersey,18019,107,276,514
356,2020-06-06,essex,new jersey,18066,47,270,449
357,2020-06-07,essex,new jersey,18077,11,287,474
358,2020-06-08,essex,new jersey,18117,40,258,461
359,2020-06-09,essex,new jersey,18151,34,237,441
360,2020-06-10,essex,new jersey,18206,55,215,411
361,2020-06-11,essex,new jersey,18234,28,265,640
362,2020-06-12,essex,new jersey,18295,61,238,608
363,2020-06-13,essex,new jersey,18336,41,179,597
364,2020-06-14,essex,new jersey,18364,28,187,589
365,2020-06-15,essex,new jersey,18375,11,203,593
366,2020-06-16,essex,new jersey,18388,13,204,607
367,2020-06-17,essex,new jersey,18421,33,196,587
368,2020-06-18,essex,new jersey,18499,78,375,546
369,2020-06-19,essex,new jersey,18533,34,370,550
370,2020-06-20,essex,new jersey,18515,-18,418,585
371,2020-06-21,essex,new jersey,18551,36,402,577
372,2020-06-22,essex,new jersey,18578,27,390,558
373,2020-06-23,essex,new jersey,18592,14,403,567
374,2020-06-24,essex,new jersey,18617,25,391,544
375,2020-06-25,essex,new jersey,18874,257,171,303
376,2020-06-26,essex,new jersey,18903,29,180,300
377,2020-06-27,essex,new jersey,18933,30,167,304
378,2020-06-28,essex,new jersey,18953,20,175,304
379,2020-06-29,essex,new jersey,18968,15,168,320
380,2020-06-30,essex,new jersey,18995,27,164,312
381,2020-07-01,essex,new jersey,19008,13,153,347
382,2020-07-02,essex,new jersey,19045,37,132,329
383,2020-07-03,essex,new jersey,19083,38,120,283
384,2020-07-04,essex,new jersey,19100,17,137,260
385,2020-07-05,essex,new jersey,19128,28,129,232
386,2020-07-06,essex,new jersey,19136,8,152,240
387,2020-07-07,essex,new jersey,19159,23,148,249
388,2020-07-08,essex,new jersey,19161,2,194,259
389,2020-07-09,essex,new jersey,19177,16,197,268
390,2020-07-10,essex,new jersey,19203,26,163,272
391,2020-07-11,essex,new jersey,19237,34,123,273
392,2020-07-12,essex,new jersey,19257,20,103,300
393,2020-07-13,essex,new jersey,19288,31,88,294
394,2020-07-14,essex,new jersey,19307,19,101,316
395,2020-07-15,essex,new jersey,19355,48,65,316
396,2020-07-16,essex,new jersey,19374,19,71,310
397,2020-07-17,essex,new jersey,19366,-8,109,365
398,2020-07-18,essex,new jersey,19360,-6,150,388
399,2020-07-19,essex,new jersey,19360,0,197,409
400,2020-07-20,essex,new jersey,19376,16,206,425
401,2020-07-21,essex,new jersey,19408,32,215,423
402,2020-07-22,essex,new jersey,19420,12,251,430
403,2020-07-23,essex,new jersey,19445,25,239,438
404,2020-07-24,essex,new jersey,19475,30,256,450
405,2020-07-25,essex,new jersey,19510,35,238,444
406,2020-07-26,essex,new jersey,19557,47,212,410
407,2020-07-27,essex,new jersey,19582,25,219,404
408,2020-07-28,essex,new jersey,19623,41,208,392
409,2020-07-29,essex,new jersey,19671,48,179,376
410,2020-07-30,essex,new jersey,19684,13,199,390
411,2020-07-31,essex,new jersey,19731,47,194,373
412,2020-08-01,essex,new jersey,19748,17,206,397
413,2020-08-02,essex,new jersey,19769,21,198,392
414,2020-08-03,essex,new jersey,19801,32,185,371
415,2020-08-04,essex,new jersey,19831,30,184,404
416,2020-08-05,essex,new jersey,19850,19,197,420
417,2020-08-06,essex,new jersey,19883,33,191,384
418,2020-08-07,essex,new jersey,19925,42,179,361
419,2020-08-08,essex,new jersey,19954,29,191,368
420,2020-08-09,essex,new jersey,19967,13,194,379
421,2020-08-10,essex,new jersey,19986,19,186,379
422,2020-08-11,essex,new jersey,20015,29,220,378
423,2020-08-12,essex,new jersey,20047,32,223,365
424,2020-08-13,essex,new jersey,20074,27,193,374
425,2020-08-14,essex,new jersey,20104,30,182,385
426,2020-08-15,essex,new jersey,20145,41,177,360
427,2020-08-16,essex,new jersey,20161,16,185,369
428,2020-08-17,essex,new jersey,20172,11,193,381
429,2020-08-18,essex,new jersey,20235,63,158,362
430,2020-08-19,essex,new jersey,20270,35,142,351
431,2020-08-20,essex,new jersey,20267,-3,181,369
432,2020-08-21,essex,new jersey,20286,19,203,406
433,2020-08-22,essex,new jersey,20322,36,183,395
434,2020-08-23,essex,new jersey,20346,24,184,388
435,2020-08-24,essex,new jersey,20365,19,188,392
436,2020-08-25,essex,new jersey,20393,28,204,381
437,2020-08-26,essex,new jersey,20412,19,209,391
438,2020-08-27,essex,new jersey,20448,36,188,372
439,2020-08-28,essex,new jersey,20489,41,203,346
440,2020-08-29,essex,new jersey,20505,16,212,357
441,2020-08-30,essex,new jersey,20530,25,204,356
442,2020-08-31,essex,new jersey,20553,23,204,345
443,2020-09-01,essex,new jersey,20597,44,177,334
444,2020-09-02,essex,new jersey,20621,24,182,331
445,2020-09-03,essex,new jersey,20636,15,184,342
446,2020-09-04,essex,new jersey,20692,56,143,310
447,2020-09-05,essex,new jersey,20717,25,145,315
448,2020-09-06,essex,new jersey,20734,17,152,328
449,2020-09-07,essex,new jersey,20757,23,141,326
450,2020-09-08,essex,new jersey,20774,17,157,329
451,2020-09-09,essex,new jersey,20803,29,149,325
452,2020-09-10,essex,new jersey,20820,17,158,337
453,2020-09-11,essex,new jersey,20835,15,167,349
454,2020-09-12,essex,new jersey,20862,27,170,392
455,2020-09-13,essex,new jersey,20886,24,176,398
456,2020-09-14,essex,new jersey,20898,12,185,402
457,2020-09-15,essex,new jersey,20931,33,172,390
458,2020-09-16,essex,new jersey,20952,21,176,398
459,2020-09-17,essex,new jersey,20978,26,179,408
460,2020-09-18,essex,new jersey,21002,24,182,428
461,2020-09-19,essex,new jersey,21032,30,222,457
462,2020-09-20,essex,new jersey,21062,30,222,497
463,2020-09-21,essex,new jersey,21083,21,217,511
464,2020-09-22,essex,new jersey,21103,20,218,533
465,2020-09-23,essex,new jersey,21128,25,222,554
466,2020-09-24,essex,new jersey,21157,29,229,611
467,2020-09-25,essex,new jersey,21184,27,246,653
468,2020-09-26,essex,new jersey,21254,70,235,664
469,2020-09-27,essex,new jersey,21284,30,275,705
470,2020-09-28,essex,new jersey,21300,16,294,750
471,2020-09-29,essex,new jersey,21321,21,315,821
472,2020-09-30,essex,new jersey,21350,29,332,898
473,2020-10-01,essex,new jersey,21386,36,382,973
474,2020-10-02,essex,new jersey,21430,44,407,1027
475,2020-10-03,essex,new jersey,21489,59,429,1086
476,2020-10-04,essex,new jersey,21559,70,430,1150
477,2020-10-05,essex,new jersey,21594,35,456,1261
478,2020-10-06,essex,new jersey,21636,42,506,1329
479,2020-10-07,essex,new jersey,21682,46,566,1425
480,2020-10-08,essex,new jersey,21768,86,591,1530
481,2020-10-09,essex,new jersey,21837,69,620,1646
482,2020-10-10,essex,new jersey,21918,81,657,1921
483,2020-10-11,essex,new jersey,21989,71,720,2012
484,2020-10-12,essex,new jersey,22050,61,805,2111
485,2020-10-13,essex,new jersey,22142,92,823,2265
486,2020-10-14,essex,new jersey,22248,106,859,2437
487,2020-10-15,essex,new jersey,22359,111,939,2580
488,2020-10-16,essex,new jersey,22457,98,1026,2743
489,2020-10-17,essex,new jersey,22575,118,1264,2772
490,2020-10-18,essex,new jersey,22709,134,1292,2813
491,2020-10-19,essex,new jersey,22855,146,1306,2812
492,2020-10-20,essex,new jersey,22965,110,1442,2961
493,2020-10-21,essex,new jersey,23107,142,1578,3176
494,2020-10-22,essex,new jersey,23298,191,1641,3247
495,2020-10-23,essex,new jersey,23483,185,1717,3355
496,2020-10-24,essex,new jersey,23839,356,1508,3361
497,2020-10-25,essex,new jersey,24001,162,1521,3455
498,2020-10-26,essex,new jersey,24161,160,1506,3471
499,2020-10-27,essex,new jersey,24407,246,1519,3914
500,2020-10-28,essex,new jersey,24685,278,1598,3996
501,2020-10-29,essex,new jersey,24939,254,1606,4163
502,2020-10-30,essex,new jersey,25200,261,1638,4246
503,2020-10-31,essex,new jersey,25347,147,1853,4755
504,2020-11-01,essex,new jersey,25522,175,1934,4924
505,2020-11-02,essex,new jersey,25667,145,1965,4986
506,2020-11-03,essex,new jersey,25926,259,2395,5084
507,2020-11-04,essex,new jersey,26283,357,2398,5115
508,2020-11-05,essex,new jersey,26545,262,2557,5246
509,2020-11-06,essex,new jersey,26838,293,2608,5294
510,2020-11-07,essex,new jersey,27200,362,2902,5471
511,2020-11-08,essex,new jersey,27456,256,2990,5552
512,2020-11-09,essex,new jersey,27632,176,3021,5686
513,2020-11-10,essex,new jersey,28321,689,2689,5382
514,2020-11-11,essex,new jersey,28681,360,2717,5382
515,2020-11-12,essex,new jersey,29102,421,2689,5286
516,2020-11-13,essex,new jersey,29446,344,2686,5265
517,2020-11-14,essex,new jersey,30102,656,2569,4763
518,2020-11-15,essex,new jersey,30446,344,2562,4828
519,2020-11-16,essex,new jersey,30653,207,2665,4938
520,2020-11-17,essex,new jersey,31010,357,2693,5011
521,2020-11-18,essex,new jersey,31398,388,2665,4917
522,2020-11-19,essex,new jersey,31791,393,2597,4996
523,2020-11-20,essex,new jersey,32132,341,2579,5235
524,2020-11-21,essex,new jersey,32671,539,2194,5298
525,2020-11-22,essex,new jersey,33008,337,2266,
526,2020-11-23,essex,new jersey,33318,310,2273,
527,2020-11-24,essex,new jersey,33703,385,2318,
528,2020-11-25,essex,new jersey,34063,360,2252,
529,2020-11-26,essex,new jersey,34388,325,2399,
530,2020-11-27,essex,new jersey,34711,323,2656,
531,2020-11-28,essex,new jersey,34865,154,3104,
532,2020-11-29,essex,new jersey,35274,409,,
533,2020-11-30,essex,new jersey,35591,317,,
534,2020-12-01,essex,new jersey,36021,430,,
535,2020-12-02,essex,new jersey,36315,294,,
536,2020-12-03,essex,new jersey,36787,472,,
537,2020-12-04,essex,new jersey,37367,580,,
538,2020-12-05,essex,new jersey,37969,602,,
539,2020-01-24,cook,illinois,1,1,1,1
540,2020-01-25,cook,illinois,1,0,1,1
541,2020-01-26,cook,illinois,1,0,1,1
542,2020-01-27,cook,illinois,1,0,1,1
543,2020-01-28,cook,illinois,1,0,1,1
544,2020-01-29,cook,illinois,1,0,1,1
545,2020-01-30,cook,illinois,2,1,0,0
546,2020-01-31,cook,illinois,2,0,0,0
547,2020-02-01,cook,illinois,2,0,0,0
548,2020-02-02,cook,illinois,2,0,0,0
549,2020-02-03,cook,illinois,2,0,0,0
550,2020-02-04,cook,illinois,2,0,0,0
551,2020-02-05,cook,illinois,2,0,0,0
552,2020-02-06,cook,illinois,2,0,0,0
553,2020-02-07,cook,illinois,2,0,0,0
554,2020-02-08,cook,illinois,2,0,0,0
555,2020-02-09,cook,illinois,2,0,0,0
556,2020-02-10,cook,illinois,2,0,0,0
557,2020-02-11,cook,illinois,2,0,0,0
558,2020-02-12,cook,illinois,2,0,0,0
559,2020-02-13,cook,illinois,2,0,0,0
560,2020-02-14,cook,illinois,2,0,0,0
561,2020-02-15,cook,illinois,2,0,0,1
562,2020-02-16,cook,illinois,2,0,0,1
563,2020-02-17,cook,illinois,2,0,0,2
564,2020-02-18,cook,illinois,2,0,0,2
565,2020-02-19,cook,illinois,2,0,0,2
566,2020-02-20,cook,illinois,2,0,0,3
567,2020-02-21,cook,illinois,2,0,0,4
568,2020-02-22,cook,illinois,2,0,1,4
569,2020-02-23,cook,illinois,2,0,1,5
570,2020-02-24,cook,illinois,2,0,2,9
571,2020-02-25,cook,illinois,2,0,2,15
572,2020-02-26,cook,illinois,2,0,2,20
573,2020-02-27,cook,illinois,2,0,3,25
574,2020-02-28,cook,illinois,2,0,4,38
575,2020-02-29,cook,illinois,3,1,3,48
576,2020-03-01,cook,illinois,3,0,4,73
577,2020-03-02,cook,illinois,4,1,7,72
578,2020-03-03,cook,illinois,4,0,13,103
579,2020-03-04,cook,illinois,4,0,18,175
580,2020-03-05,cook,illinois,5,1,22,274
581,2020-03-06,cook,illinois,6,1,34,406
582,2020-03-07,cook,illinois,6,0,45,542
583,2020-03-08,cook,illinois,7,1,69,798
584,2020-03-09,cook,illinois,11,4,65,911
585,2020-03-10,cook,illinois,17,6,90,1177
586,2020-03-11,cook,illinois,22,5,157,1396
587,2020-03-12,cook,illinois,27,5,252,1877
588,2020-03-13,cook,illinois,40,13,372,2199
589,2020-03-14,cook,illinois,51,11,497,2562
590,2020-03-15,cook,illinois,76,25,729,3369
591,2020-03-16,cook,illinois,76,0,846,3651
592,2020-03-17,cook,illinois,107,31,1087,4389
593,2020-03-18,cook,illinois,179,72,1239,4973
594,2020-03-19,cook,illinois,279,100,1625,5296
595,2020-03-20,cook,illinois,412,133,1827,6061
596,2020-03-21,cook,illinois,548,136,2065,6891
597,2020-03-22,cook,illinois,805,257,2640,7238
598,2020-03-23,cook,illinois,922,117,2805,7806
599,2020-03-24,cook,illinois,1194,272,3302,8315
600,2020-03-25,cook,illinois,1418,224,3734,9102
601,2020-03-26,cook,illinois,1904,486,3671,9511
602,2020-03-27,cook,illinois,2239,335,4234,10233
603,2020-03-28,cook,illinois,2613,374,4826,10804
604,2020-03-29,cook,illinois,3445,832,4598,11140
605,2020-03-30,cook,illinois,3727,282,5001,11747
606,2020-03-31,cook,illinois,4496,769,5013,11827
607,2020-04-01,cook,illinois,5152,656,5368,12154
608,2020-04-02,cook,illinois,5575,423,5840,12512
609,2020-04-03,cook,illinois,6473,898,5999,12918
610,2020-04-04,cook,illinois,7439,966,5978,12956
611,2020-04-05,cook,illinois,8043,604,6542,13229
612,2020-04-06,cook,illinois,8728,685,6746,13373
613,2020-04-07,cook,illinois,9509,781,6814,13672
614,2020-04-08,cook,illinois,10520,1011,6786,14026
615,2020-04-09,cook,illinois,11415,895,6672,14396
616,2020-04-10,cook,illinois,12472,1057,6919,15144
617,2020-04-11,cook,illinois,13417,945,6978,15641
618,2020-04-12,cook,illinois,14585,1168,6687,15989
619,2020-04-13,cook,illinois,15474,889,6627,16479
620,2020-04-14,cook,illinois,16323,849,6858,17126
621,2020-04-15,cook,illinois,17306,983,7240,17574
622,2020-04-16,cook,illinois,18087,781,7724,18426
623,2020-04-17,cook,illinois,19391,1304,8225,19277
624,2020-04-18,cook,illinois,20395,1004,8663,19832
625,2020-04-19,cook,illinois,21272,877,9302,21052
626,2020-04-20,cook,illinois,22101,829,9852,21614
627,2020-04-21,cook,illinois,23181,1080,10268,22042
628,2020-04-22,cook,illinois,24546,1365,10334,22143
629,2020-04-23,cook,illinois,25811,1265,10702,22530
630,2020-04-24,cook,illinois,27616,1805,11052,22620
631,2020-04-25,cook,illinois,29058,1442,11169,22616
632,2020-04-26,cook,illinois,30574,1516,11750,22081
633,2020-04-27,cook,illinois,31953,1379,11762,21428
634,2020-04-28,cook,illinois,33449,1496,11774,22021
635,2020-04-29,cook,illinois,34880,1431,11809,21526
636,2020-04-30,cook,illinois,36513,1633,11828,21944
637,2020-05-01,cook,illinois,38668,2155,11568,21237
638,2020-05-02,cook,illinois,40227,1559,11447,20985
639,2020-05-03,cook,illinois,42324,2097,10331,19894
640,2020-05-04,cook,illinois,43715,1391,9666,19975
641,2020-05-05,cook,illinois,45223,1508,10247,19468
642,2020-05-06,cook,illinois,46689,1466,9717,19524
643,2020-05-07,cook,illinois,48341,1652,10116,19210
644,2020-05-08,cook,illinois,50236,1895,9669,18713
645,2020-05-09,cook,illinois,51674,1438,9538,18743
646,2020-05-10,cook,illinois,52655,981,9563,19355
647,2020-05-11,cook,illinois,53381,726,10309,19716
648,2020-05-12,cook,illinois,55470,2089,9221,18349
649,2020-05-13,cook,illinois,56406,936,9807,18115
650,2020-05-14,cook,illinois,58457,2051,9094,16849
651,2020-05-15,cook,illinois,59905,1448,9044,16361
652,2020-05-16,cook,illinois,61212,1307,9205,15907
653,2020-05-17,cook,illinois,62218,1006,9792,15707
654,2020-05-18,cook,illinois,63690,1472,9407,14805
655,2020-05-19,cook,illinois,64691,1001,9128,14982
656,2020-05-20,cook,illinois,66213,1522,8308,13991
657,2020-05-21,cook,illinois,67551,1338,7755,13162
658,2020-05-22,cook,illinois,68949,1398,7317,12395
659,2020-05-23,cook,illinois,70417,1468,6702,11507
660,2020-05-24,cook,illinois,72010,1593,5915,10417
661,2020-05-25,cook,illinois,73097,1087,5398,9722
662,2020-05-26,cook,illinois,73819,722,5854,9452
663,2020-05-27,cook,illinois,74521,702,5683,9064
664,2020-05-28,cook,illinois,75306,785,5407,8672
665,2020-05-29,cook,illinois,76266,960,5078,7983
666,2020-05-30,cook,illinois,77119,853,4805,7462
667,2020-05-31,cook,illinois,77925,806,4502,6981
668,2020-06-01,cook,illinois,78495,570,4324,6689
669,2020-06-02,cook,illinois,79673,1178,3598,5865
670,2020-06-03,cook,illinois,80204,531,3381,5654
671,2020-06-04,cook,illinois,80713,509,3265,5466
672,2020-06-05,cook,illinois,81344,631,2905,5207
673,2020-06-06,cook,illinois,81924,580,2657,4961
674,2020-06-07,cook,illinois,82427,503,2479,4750
675,2020-06-08,cook,illinois,82819,392,2365,4605
676,2020-06-09,cook,illinois,83271,452,2267,4513
677,2020-06-10,cook,illinois,83585,314,2273,4553
678,2020-06-11,cook,illinois,83978,393,2201,4672
679,2020-06-12,cook,illinois,84249,271,2302,4819
680,2020-06-13,cook,illinois,84581,332,2304,4826
681,2020-06-14,cook,illinois,84906,325,2271,4849
682,2020-06-15,cook,illinois,85184,278,2240,4938
683,2020-06-16,cook,illinois,85538,354,2246,4998
684,2020-06-17,cook,illinois,85858,320,2280,5053
685,2020-06-18,cook,illinois,86179,321,2471,5202
686,2020-06-19,cook,illinois,86551,372,2517,5223
687,2020-06-20,cook,illinois,86885,334,2522,5355
688,2020-06-21,cook,illinois,87177,292,2578,5355
689,2020-06-22,cook,illinois,87424,247,2698,5357
690,2020-06-23,cook,illinois,87784,360,2752,5269
691,2020-06-24,cook,illinois,88138,354,2773,5358
692,2020-06-25,cook,illinois,88650,512,2731,5355
693,2020-06-26,cook,illinois,89068,418,2706,5537
694,2020-06-27,cook,illinois,89407,339,2833,5731
695,2020-06-28,cook,illinois,89755,348,2777,5802
696,2020-06-29,cook,illinois,90122,367,2659,5762
697,2020-06-30,cook,illinois,90536,414,2517,5650
698,2020-07-01,cook,illinois,90911,375,2585,5751
699,2020-07-02,cook,illinois,91381,470,2624,5833
700,2020-07-03,cook,illinois,91774,393,2831,6016
701,2020-07-04,cook,illinois,92240,466,2898,6052
702,2020-07-05,cook,illinois,92532,292,3025,6138
703,2020-07-06,cook,illinois,92781,249,3103,6271
704,2020-07-07,cook,illinois,93053,272,3133,6411
705,2020-07-08,cook,illinois,93496,443,3166,6628
706,2020-07-09,cook,illinois,94005,509,3209,6790
707,2020-07-10,cook,illinois,94605,600,3185,6815
708,2020-07-11,cook,illinois,95138,533,3154,6817
709,2020-07-12,cook,illinois,95557,419,3113,7026
710,2020-07-13,cook,illinois,95884,327,3168,7124
711,2020-07-14,cook,illinois,96186,302,3278,7255
712,2020-07-15,cook,illinois,96662,476,3462,7339
713,2020-07-16,cook,illinois,97214,552,3581,7477
714,2020-07-17,cook,illinois,97790,576,3630,7703
715,2020-07-18,cook,illinois,98292,502,3663,7839
716,2020-07-19,cook,illinois,98670,378,3913,8043
717,2020-07-20,cook,illinois,99052,382,3956,8195
718,2020-07-21,cook,illinois,99464,412,3977,8280
719,2020-07-22,cook,illinois,100124,660,3877,8301
720,2020-07-23,cook,illinois,100795,671,3896,8355
721,2020-07-24,cook,illinois,101420,625,4073,8582
722,2020-07-25,cook,illinois,101955,535,4176,8910
723,2020-07-26,cook,illinois,102583,628,4130,8864
724,2020-07-27,cook,illinois,103008,425,4239,8940
725,2020-07-28,cook,illinois,103441,433,4303,9044
726,2020-07-29,cook,illinois,104001,560,4424,9044
727,2020-07-30,cook,illinois,104691,690,4459,9105
728,2020-07-31,cook,illinois,105493,802,4509,9231
729,2020-08-01,cook,illinois,106131,638,4734,9213
730,2020-08-02,cook,illinois,106713,582,4734,9247
731,2020-08-03,cook,illinois,107247,534,4701,9373
732,2020-08-04,cook,illinois,107744,497,4741,9427
733,2020-08-05,cook,illinois,108425,681,4620,9587
734,2020-08-06,cook,illinois,109150,725,4646,9607
735,2020-08-07,cook,illinois,110002,852,4722,9642
736,2020-08-08,cook,illinois,110865,863,4479,9702
737,2020-08-09,cook,illinois,111447,582,4513,9861
738,2020-08-10,cook,illinois,111948,501,4672,9946
739,2020-08-11,cook,illinois,112485,537,4686,9938
740,2020-08-12,cook,illinois,113045,560,4967,10127
741,2020-08-13,cook,illinois,113796,751,4961,9895
742,2020-08-14,cook,illinois,114724,928,4920,9849
743,2020-08-15,cook,illinois,115344,620,5223,9780
744,2020-08-16,cook,illinois,115960,616,5348,10043
745,2020-08-17,cook,illinois,116620,660,5274,9957
746,2020-08-18,cook,illinois,117171,551,5252,9821
747,2020-08-19,cook,illinois,118012,841,5160,9604
748,2020-08-20,cook,illinois,118757,745,4934,9255
749,2020-08-21,cook,illinois,119644,887,4929,9901
750,2020-08-22,cook,illinois,120567,923,4557,10049
751,2020-08-23,cook,illinois,121308,741,4695,9770
752,2020-08-24,cook,illinois,121894,586,4683,9728
753,2020-08-25,cook,illinois,122423,529,4569,9656
754,2020-08-26,cook,illinois,123172,749,4444,9229
755,2020-08-27,cook,illinois,123691,519,4321,9275
756,2020-08-28,cook,illinois,124573,882,4972,9113
757,2020-08-29,cook,illinois,125124,551,5492,9228
758,2020-08-30,cook,illinois,126003,879,5075,8798
759,2020-08-31,cook,illinois,126577,574,5045,8697
760,2020-09-01,cook,illinois,126992,415,5087,8698
761,2020-09-02,cook,illinois,127616,624,4785,8630
762,2020-09-03,cook,illinois,128012,396,4954,8981
763,2020-09-04,cook,illinois,129545,1533,4141,8035
764,2020-09-05,cook,illinois,130616,1071,3736,7960
765,2020-09-06,cook,illinois,131078,462,3723,8010
766,2020-09-07,cook,illinois,131622,544,3652,7975
767,2020-09-08,cook,illinois,132079,457,3611,7999
768,2020-09-09,cook,illinois,132401,322,3845,8222
769,2020-09-10,cook,illinois,132966,565,4027,8464
770,2020-09-11,cook,illinois,133686,720,3894,8529
771,2020-09-12,cook,illinois,134352,666,4224,8732
772,2020-09-13,cook,illinois,134801,449,4287,8833
773,2020-09-14,cook,illinois,135274,473,4323,9041
774,2020-09-15,cook,illinois,135690,416,4388,9007
775,2020-09-16,cook,illinois,136246,556,4377,9216
776,2020-09-17,cook,illinois,136993,747,4437,9159
777,2020-09-18,cook,illinois,137580,587,4635,9337
778,2020-09-19,cook,illinois,138576,996,4508,9265
779,2020-09-20,cook,illinois,139088,512,4546,9293
780,2020-09-21,cook,illinois,139597,509,4718,9530
781,2020-09-22,cook,illinois,140078,481,4619,9510
782,2020-09-23,cook,illinois,140623,545,4839,9777
783,2020-09-24,cook,illinois,141430,807,4722,10044
784,2020-09-25,cook,illinois,142215,785,4702,10172
785,2020-09-26,cook,illinois,143084,869,4757,10430
786,2020-09-27,cook,illinois,143634,550,4747,10885
787,2020-09-28,cook,illinois,144315,681,4812,11252
788,2020-09-29,cook,illinois,144697,382,4891,12029
789,2020-09-30,cook,illinois,145462,765,4938,12111
790,2020-10-01,cook,illinois,146152,690,5322,12883
791,2020-10-02,cook,illinois,146917,765,5470,13728
792,2020-10-03,cook,illinois,147841,924,5673,14379
793,2020-10-04,cook,illinois,148381,540,6138,15531
794,2020-10-05,cook,illinois,149127,746,6440,16071
795,2020-10-06,cook,illinois,149588,461,7138,16869
796,2020-10-07,cook,illinois,150400,812,7173,17739
797,2020-10-08,cook,illinois,151474,1074,7561,18565
798,2020-10-09,cook,illinois,152387,913,8258,19050
799,2020-10-10,cook,illinois,153514,1127,8706,20303
800,2020-10-11,cook,illinois,154519,1005,9393,21067
801,2020-10-12,cook,illinois,155567,1048,9631,21898
802,2020-10-13,cook,illinois,156726,1159,9731,22106
803,2020-10-14,cook,illinois,157573,847,10566,23535
804,2020-10-15,cook,illinois,159035,1462,11004,24614
805,2020-10-16,cook,illinois,160645,1610,10792,25760
806,2020-10-17,cook,illinois,162220,1575,11597,24185
807,2020-10-18,cook,illinois,163912,1692,11674,29190
808,2020-10-19,cook,illinois,165198,1286,12267,30542
809,2020-10-20,cook,illinois,166457,1259,12375,31727
810,2020-10-21,cook,illinois,168139,1682,12969,33037
811,2020-10-22,cook,illinois,170039,1900,13610,34938
812,2020-10-23,cook,illinois,171437,1398,14968,38829
813,2020-10-24,cook,illinois,173817,2380,12588,41107
814,2020-10-25,cook,illinois,175586,1769,17516,43076
815,2020-10-26,cook,illinois,177465,1879,18275,45645
816,2020-10-27,cook,illinois,178832,1367,19352,48593
817,2020-10-28,cook,illinois,181108,2276,20068,50354
818,2020-10-29,cook,illinois,183649,2541,21328,53068
819,2020-10-30,cook,illinois,186405,2756,23861,56257
820,2020-10-31,cook,illinois,186405,0,28519,59987
821,2020-11-01,cook,illinois,193102,6697,25560,57999
822,2020-11-02,cook,illinois,195740,2638,27370,59868
823,2020-11-03,cook,illinois,198184,2444,29241,61820
824,2020-11-04,cook,illinois,201176,2992,30286,61253
825,2020-11-05,cook,illinois,204977,3801,31740,63307
826,2020-11-06,cook,illinois,210266,5289,32396,62467
827,2020-11-07,cook,illinois,214924,4658,31468,62102
828,2020-11-08,cook,illinois,218662,3738,32439,62234
829,2020-11-09,cook,illinois,223110,4448,32498,61107
830,2020-11-10,cook,illinois,227425,4315,32579,59699
831,2020-11-11,cook,illinois,231462,4037,30967,59850
832,2020-11-12,cook,illinois,236717,5255,31567,59412
833,2020-11-13,cook,illinois,242662,5945,30071,56208
834,2020-11-14,cook,illinois,246392,3730,30634,55190
835,2020-11-15,cook,illinois,251101,4709,29795,53119
836,2020-11-16,cook,illinois,255608,4507,28609,50761
837,2020-11-17,cook,illinois,260004,4396,27120,50718
838,2020-11-18,cook,illinois,262429,2425,28883,51705
839,2020-11-19,cook,illinois,268284,5855,27845,50040
840,2020-11-20,cook,illinois,272733,4449,26137,49389
841,2020-11-21,cook,illinois,277026,4293,24556,48787
842,2020-11-22,cook,illinois,280896,3870,23324,
843,2020-11-23,cook,illinois,284217,3321,22152,
844,2020-11-24,cook,illinois,287124,2907,23598,
845,2020-11-25,cook,illinois,291312,4188,22822,
846,2020-11-26,cook,illinois,296129,4817,22195,
847,2020-11-27,cook,illinois,298870,2741,23252,
848,2020-11-28,cook,illinois,301582,2712,24231,
849,2020-11-29,cook,illinois,304220,2638,,
850,2020-11-30,cook,illinois,306369,2149,,
851,2020-12-01,cook,illinois,310722,4353,,
852,2020-12-02,cook,illinois,314134,3412,,
853,2020-12-03,cook,illinois,318324,4190,,
854,2020-12-04,cook,illinois,322122,3798,,
855,2020-12-05,cook,illinois,325813,3691,,
856,2020-03-09,union,new jersey,1,1,7,188
857,2020-03-10,union,new jersey,1,0,21,245
858,2020-03-11,union,new jersey,1,0,25,261
859,2020-03-12,union,new jersey,1,0,28,431
860,2020-03-13,union,new jersey,1,0,42,518
861,2020-03-14,union,new jersey,1,0,80,741
862,2020-03-15,union,new jersey,4,3,120,892
863,2020-03-16,union,new jersey,8,4,181,1205
864,2020-03-17,union,new jersey,22,14,224,1396
865,2020-03-18,union,new jersey,26,4,236,1635
866,2020-03-19,union,new jersey,29,3,403,1981
867,2020-03-20,union,new jersey,43,14,476,2444
868,2020-03-21,union,new jersey,81,38,661,2835
869,2020-03-22,union,new jersey,124,43,772,3092
870,2020-03-23,union,new jersey,189,65,1024,3496
871,2020-03-24,union,new jersey,246,57,1172,4112
872,2020-03-25,union,new jersey,262,16,1399,4569
873,2020-03-26,union,new jersey,432,170,1578,4771
874,2020-03-27,union,new jersey,519,87,1968,5056
875,2020-03-28,union,new jersey,742,223,2174,5123
876,2020-03-29,union,new jersey,896,154,2320,5284
877,2020-03-30,union,new jersey,1213,317,2472,5423
878,2020-03-31,union,new jersey,1418,205,2940,5847
879,2020-04-01,union,new jersey,1661,243,3170,5777
880,2020-04-02,union,new jersey,2010,349,3193,5894
881,2020-04-03,union,new jersey,2487,477,3088,5942
882,2020-04-04,union,new jersey,2916,429,2949,6043
883,2020-04-05,union,new jersey,3216,300,2964,6393
884,2020-04-06,union,new jersey,3685,469,2951,6287
885,2020-04-07,union,new jersey,4358,673,2907,5931
886,2020-04-08,union,new jersey,4831,473,2607,5653
887,2020-04-09,union,new jersey,5203,372,2701,5732
888,2020-04-10,union,new jersey,5575,372,2854,5633
889,2020-04-11,union,new jersey,5865,290,3094,5658
890,2020-04-12,union,new jersey,6180,315,3429,5673
891,2020-04-13,union,new jersey,6636,456,3336,5375
892,2020-04-14,union,new jersey,7265,629,3024,4923
893,2020-04-15,union,new jersey,7438,173,3046,4942
894,2020-04-16,union,new jersey,7904,466,3031,4674
895,2020-04-17,union,new jersey,8429,525,2779,4350
896,2020-04-18,union,new jersey,8959,530,2564,4037
897,2020-04-19,union,new jersey,9609,650,2244,3616
898,2020-04-20,union,new jersey,9972,363,2039,3385
899,2020-04-21,union,new jersey,10289,317,1899,3214
900,2020-04-22,union,new jersey,10484,195,1896,3120
901,2020-04-23,union,new jersey,10935,451,1643,2846
902,2020-04-24,union,new jersey,11208,273,1571,2709
903,2020-04-25,union,new jersey,11523,315,1473,2461
904,2020-04-26,union,new jersey,11853,330,1372,2204
905,2020-04-27,union,new jersey,12011,158,1346,2153
906,2020-04-28,union,new jersey,12188,177,1315,2015
907,2020-04-29,union,new jersey,12380,192,1224,1926
908,2020-04-30,union,new jersey,12578,198,1203,1807
909,2020-05-01,union,new jersey,12779,201,1138,1713
910,2020-05-02,union,new jersey,12996,217,988,1573
911,2020-05-03,union,new jersey,13225,229,832,1477
912,2020-05-04,union,new jersey,13357,132,807,1546
913,2020-05-05,union,new jersey,13503,146,700,1528
914,2020-05-06,union,new jersey,13604,101,702,1518
915,2020-05-07,union,new jersey,13781,177,604,1395
916,2020-05-08,union,new jersey,13917,136,575,1274
917,2020-05-09,union,new jersey,13984,67,585,1202
918,2020-05-10,union,new jersey,14057,73,645,1112
919,2020-05-11,union,new jersey,14164,107,739,1054
920,2020-05-12,union,new jersey,14203,39,828,1090
921,2020-05-13,union,new jersey,14306,103,816,1018
922,2020-05-14,union,new jersey,14385,79,791,1090
923,2020-05-15,union,new jersey,14492,107,699,1118
924,2020-05-16,union,new jersey,14569,77,617,1195
925,2020-05-17,union,new jersey,14702,133,467,1119
926,2020-05-18,union,new jersey,14903,201,315,955
927,2020-05-19,union,new jersey,15031,128,262,837
928,2020-05-20,union,new jersey,15122,91,202,789
929,2020-05-21,union,new jersey,15176,54,299,777
930,2020-05-22,union,new jersey,15191,15,419,847
931,2020-05-23,union,new jersey,15186,-5,578,930
932,2020-05-24,union,new jersey,15169,-17,652,1017
933,2020-05-25,union,new jersey,15218,49,640,1023
934,2020-05-26,union,new jersey,15293,75,575,1009
935,2020-05-27,union,new jersey,15324,31,587,993
936,2020-05-28,union,new jersey,15475,151,478,862
937,2020-05-29,union,new jersey,15610,135,428,741
938,2020-05-30,union,new jersey,15764,154,352,573
939,2020-05-31,union,new jersey,15821,57,365,501
940,2020-06-01,union,new jersey,15858,37,383,450
941,2020-06-02,union,new jersey,15868,10,434,452
942,2020-06-03,union,new jersey,15911,43,406,404
943,2020-06-04,union,new jersey,15953,42,384,351
944,2020-06-05,union,new jersey,16038,85,313,253
945,2020-06-06,union,new jersey,16116,78,221,182
946,2020-06-07,union,new jersey,16186,70,136,136
947,2020-06-08,union,new jersey,16241,55,67,99
948,2020-06-09,union,new jersey,16302,61,18,39
949,2020-06-10,union,new jersey,16317,15,-2,13
950,2020-06-11,union,new jersey,16337,20,-33,177
951,2020-06-12,union,new jersey,16351,14,-60,185
952,2020-06-13,union,new jersey,16337,-14,-39,196
953,2020-06-14,union,new jersey,16322,-15,0,226
954,2020-06-15,union,new jersey,16308,-14,32,249
955,2020-06-16,union,new jersey,16320,12,21,246
956,2020-06-17,union,new jersey,16315,-5,15,249
957,2020-06-18,union,new jersey,16304,-11,210,265
958,2020-06-19,union,new jersey,16291,-13,245,300
959,2020-06-20,union,new jersey,16298,7,235,318
960,2020-06-21,union,new jersey,16322,24,226,308
961,2020-06-22,union,new jersey,16340,18,217,267
962,2020-06-23,union,new jersey,16341,1,225,284
963,2020-06-24,union,new jersey,16330,-11,234,288
964,2020-06-25,union,new jersey,16514,184,55,132
965,2020-06-26,union,new jersey,16536,22,55,108
966,2020-06-27,union,new jersey,16533,-3,83,122
967,2020-06-28,union,new jersey,16548,15,82,137
968,2020-06-29,union,new jersey,16557,9,50,146
969,2020-06-30,union,new jersey,16566,9,59,155
970,2020-07-01,union,new jersey,16564,-2,54,178
971,2020-07-02,union,new jersey,16569,5,77,177
972,2020-07-03,union,new jersey,16591,22,53,128
973,2020-07-04,union,new jersey,16616,25,39,109
974,2020-07-05,union,new jersey,16630,14,55,57
975,2020-07-06,union,new jersey,16607,-23,96,89
976,2020-07-07,union,new jersey,16625,18,96,69
977,2020-07-08,union,new jersey,16618,-7,124,-92
978,2020-07-09,union,new jersey,16646,28,100,-174
979,2020-07-10,union,new jersey,16644,-2,75,-148
980,2020-07-11,union,new jersey,16655,11,70,-145
981,2020-07-12,union,new jersey,16685,30,2,-151
982,2020-07-13,union,new jersey,16703,18,-7,-152
983,2020-07-14,union,new jersey,16721,18,-27,-136
984,2020-07-15,union,new jersey,16742,21,-216,-132
985,2020-07-16,union,new jersey,16746,4,-274,-119
986,2020-07-17,union,new jersey,16719,-27,-223,-25
987,2020-07-18,union,new jersey,16725,6,-215,-9
988,2020-07-19,union,new jersey,16687,-38,-153,59
989,2020-07-20,union,new jersey,16696,9,-145,65
990,2020-07-21,union,new jersey,16694,-2,-109,67
991,2020-07-22,union,new jersey,16526,-168,84,249
992,2020-07-23,union,new jersey,16472,-54,155,320
993,2020-07-24,union,new jersey,16496,24,198,310
994,2020-07-25,union,new jersey,16510,14,206,323
995,2020-07-26,union,new jersey,16534,24,212,331
996,2020-07-27,union,new jersey,16551,17,210,344
997,2020-07-28,union,new jersey,16585,34,176,334
998,2020-07-29,union,new jersey,16610,25,165,338
999,2020-07-30,union,new jersey,16627,17,165,353
1000,2020-07-31,union,new jersey,16694,67,112,301
1001,2020-08-01,union,new jersey,16716,22,117,299
1002,2020-08-02,union,new jersey,16746,30,119,291
1003,2020-08-03,union,new jersey,16761,15,134,286
1004,2020-08-04,union,new jersey,16761,0,158,305
1005,2020-08-05,union,new jersey,16775,14,173,312
1006,2020-08-06,union,new jersey,16792,17,188,301
1007,2020-08-07,union,new jersey,16806,14,189,307
1008,2020-08-08,union,new jersey,16833,27,182,300
1009,2020-08-09,union,new jersey,16865,32,172,279
1010,2020-08-10,union,new jersey,16895,30,152,263
1011,2020-08-11,union,new jersey,16919,24,147,257
1012,2020-08-12,union,new jersey,16948,29,139,241
1013,2020-08-13,union,new jersey,16980,32,113,226
1014,2020-08-14,union,new jersey,16995,15,118,223
1015,2020-08-15,union,new jersey,17015,20,118,217
1016,2020-08-16,union,new jersey,17037,22,107,206
1017,2020-08-17,union,new jersey,17047,10,111,222
1018,2020-08-18,union,new jersey,17066,19,110,224
1019,2020-08-19,union,new jersey,17087,21,102,216
1020,2020-08-20,union,new jersey,17093,6,113,234
1021,2020-08-21,union,new jersey,17113,20,105,240
1022,2020-08-22,union,new jersey,17133,20,99,229
1023,2020-08-23,union,new jersey,17144,11,99,234
1024,2020-08-24,union,new jersey,17158,14,111,226
1025,2020-08-25,union,new jersey,17176,18,114,228
1026,2020-08-26,union,new jersey,17189,13,114,225
1027,2020-08-27,union,new jersey,17206,17,121,227
1028,2020-08-28,union,new jersey,17218,12,135,234
1029,2020-08-29,union,new jersey,17232,14,130,233
1030,2020-08-30,union,new jersey,17243,11,135,238
1031,2020-08-31,union,new jersey,17269,26,115,221
1032,2020-09-01,union,new jersey,17290,21,114,213
1033,2020-09-02,union,new jersey,17303,13,111,218
1034,2020-09-03,union,new jersey,17327,24,106,206
1035,2020-09-04,union,new jersey,17353,26,99,203
1036,2020-09-05,union,new jersey,17362,9,103,219
1037,2020-09-06,union,new jersey,17378,16,103,228
1038,2020-09-07,union,new jersey,17384,6,106,248
1039,2020-09-08,union,new jersey,17404,20,99,267
1040,2020-09-09,union,new jersey,17414,10,107,269
1041,2020-09-10,union,new jersey,17433,19,100,276
1042,2020-09-11,union,new jersey,17452,19,104,279
1043,2020-09-12,union,new jersey,17465,13,116,303
1044,2020-09-13,union,new jersey,17481,16,125,326
1045,2020-09-14,union,new jersey,17490,9,142,347
1046,2020-09-15,union,new jersey,17503,13,168,352
1047,2020-09-16,union,new jersey,17521,18,162,373
1048,2020-09-17,union,new jersey,17533,12,176,395
1049,2020-09-18,union,new jersey,17556,23,175,400
1050,2020-09-19,union,new jersey,17581,25,187,418
1051,2020-09-20,union,new jersey,17606,25,201,431
1052,2020-09-21,union,new jersey,17632,26,205,438
1053,2020-09-22,union,new jersey,17671,39,184,440
1054,2020-09-23,union,new jersey,17683,12,211,462
1055,2020-09-24,union,new jersey,17709,26,219,519
1056,2020-09-25,union,new jersey,17731,22,225,545
1057,2020-09-26,union,new jersey,17768,37,231,562
1058,2020-09-27,union,new jersey,17807,39,230,566
1059,2020-09-28,union,new jersey,17837,30,233,577
1060,2020-09-29,union,new jersey,17855,18,256,628
1061,2020-09-30,union,new jersey,17894,39,251,648
1062,2020-10-01,union,new jersey,17928,34,300,679
1063,2020-10-02,union,new jersey,17956,28,320,716
1064,2020-10-03,union,new jersey,17999,43,331,767
1065,2020-10-04,union,new jersey,18037,38,336,839
1066,2020-10-05,union,new jersey,18070,33,344,912
1067,2020-10-06,union,new jersey,18111,41,372,1005
1068,2020-10-07,union,new jersey,18145,34,397,1066
1069,2020-10-08,union,new jersey,18228,83,379,1100
1070,2020-10-09,union,new jersey,18276,48,396,1143
1071,2020-10-10,union,new jersey,18330,54,436,1286
1072,2020-10-11,union,new jersey,18373,43,503,1353
1073,2020-10-12,union,new jersey,18414,41,568,1435
1074,2020-10-13,union,new jersey,18483,69,633,1602
1075,2020-10-14,union,new jersey,18542,59,669,1732
1076,2020-10-15,union,new jersey,18607,65,721,1756
1077,2020-10-16,union,new jersey,18672,65,747,1909
1078,2020-10-17,union,new jersey,18766,94,850,1954
1079,2020-10-18,union,new jersey,18876,110,850,1966
1080,2020-10-19,union,new jersey,18982,106,867,2006
1081,2020-10-20,union,new jersey,19116,134,969,2071
1082,2020-10-21,union,new jersey,19211,95,1063,2222
1083,2020-10-22,union,new jersey,19328,117,1035,2255
1084,2020-10-23,union,new jersey,19419,91,1162,2353
1085,2020-10-24,union,new jersey,19616,197,1104,2451
1086,2020-10-25,union,new jersey,19726,110,1116,2496
1087,2020-10-26,union,new jersey,19849,123,1139,2558
1088,2020-10-27,union,new jersey,20085,236,1102,2667
1089,2020-10-28,union,new jersey,20274,189,1159,2718
1090,2020-10-29,union,new jersey,20363,89,1220,2956
1091,2020-10-30,union,new jersey,20581,218,1191,3050
1092,2020-10-31,union,new jersey,20720,139,1347,3252
1093,2020-11-01,union,new jersey,20842,122,1380,3482
1094,2020-11-02,union,new jersey,20988,146,1419,3530
1095,2020-11-03,union,new jersey,21187,199,1565,3607
1096,2020-11-04,union,new jersey,21433,246,1559,3650
1097,2020-11-05,union,new jersey,21583,150,1736,3823
1098,2020-11-06,union,new jersey,21772,189,1859,3836
1099,2020-11-07,union,new jersey,22067,295,1905,3867
1100,2020-11-08,union,new jersey,22222,155,2102,3992
1101,2020-11-09,union,new jersey,22407,185,2111,4111
1102,2020-11-10,union,new jersey,22752,345,2042,4171
1103,2020-11-11,union,new jersey,22992,240,2091,4290
1104,2020-11-12,union,new jersey,23319,327,2087,4308
1105,2020-11-13,union,new jersey,23631,312,1977,4248
1106,2020-11-14,union,new jersey,23972,341,1962,4001
1107,2020-11-15,union,new jersey,24324,352,1890,4101
1108,2020-11-16,union,new jersey,24518,194,2000,4089
1109,2020-11-17,union,new jersey,24794,276,2129,4132
1110,2020-11-18,union,new jersey,25083,289,2199,4057
1111,2020-11-19,union,new jersey,25406,323,2221,4060
1112,2020-11-20,union,new jersey,25608,202,2271,4142
1113,2020-11-21,union,new jersey,25934,326,2039,4068
1114,2020-11-22,union,new jersey,26214,280,2211,
1115,2020-11-23,union,new jersey,26518,304,2089,
1116,2020-11-24,union,new jersey,26923,405,2003,
1117,2020-11-25,union,new jersey,27282,359,1858,
1118,2020-11-26,union,new jersey,27627,345,1839,
1119,2020-11-27,union,new jersey,27879,252,1871,
1120,2020-11-28,union,new jersey,27973,94,2029,
1121,2020-11-29,union,new jersey,28425,452,,
1122,2020-11-30,union,new jersey,28607,182,,
1123,2020-12-01,union,new jersey,28926,319,,
1124,2020-12-02,union,new jersey,29140,214,,
1125,2020-12-03,union,new jersey,29466,326,,
1126,2020-12-04,union,new jersey,29750,284,,
1127,2020-12-05,union,new jersey,30002,252,,
1128,2020-03-20,norfolk,virginia,1,1,7,42
1129,2020-03-21,norfolk,virginia,3,2,7,52
1130,2020-03-22,norfolk,virginia,3,0,11,56
1131,2020-03-23,norfolk,virginia,4,1,13,56
1132,2020-03-24,norfolk,virginia,5,1,22,67
1133,2020-03-25,norfolk,virginia,5,0,28,72
1134,2020-03-26,norfolk,virginia,6,1,31,78
1135,2020-03-27,norfolk,virginia,8,2,35,80
1136,2020-03-28,norfolk,virginia,10,2,45,80
1137,2020-03-29,norfolk,virginia,14,4,45,76
1138,2020-03-30,norfolk,virginia,17,3,43,82
1139,2020-03-31,norfolk,virginia,27,10,45,70
1140,2020-04-01,norfolk,virginia,33,6,44,66
1141,2020-04-02,norfolk,virginia,37,4,47,68
1142,2020-04-03,norfolk,virginia,43,6,45,65
1143,2020-04-04,norfolk,virginia,55,12,35,54
1144,2020-04-05,norfolk,virginia,59,4,31,52
1145,2020-04-06,norfolk,virginia,60,1,39,53
1146,2020-04-07,norfolk,virginia,72,12,25,46
1147,2020-04-08,norfolk,virginia,77,5,22,49
1148,2020-04-09,norfolk,virginia,84,7,21,52
1149,2020-04-10,norfolk,virginia,88,4,20,53
1150,2020-04-11,norfolk,virginia,90,2,19,79
1151,2020-04-12,norfolk,virginia,90,0,21,89
1152,2020-04-13,norfolk,virginia,99,9,14,85
1153,2020-04-14,norfolk,virginia,97,-2,21,91
1154,2020-04-15,norfolk,virginia,99,2,27,93
1155,2020-04-16,norfolk,virginia,105,6,31,93
1156,2020-04-17,norfolk,virginia,108,3,33,96
1157,2020-04-18,norfolk,virginia,109,1,60,102
1158,2020-04-19,norfolk,virginia,111,2,68,110
1159,2020-04-20,norfolk,virginia,113,2,71,126
1160,2020-04-21,norfolk,virginia,118,5,70,133
1161,2020-04-22,norfolk,virginia,126,8,66,125
1162,2020-04-23,norfolk,virginia,136,10,62,134
1163,2020-04-24,norfolk,virginia,141,5,63,133
1164,2020-04-25,norfolk,virginia,169,28,42,121
1165,2020-04-26,norfolk,virginia,179,10,42,125
1166,2020-04-27,norfolk,virginia,184,5,55,124
1167,2020-04-28,norfolk,virginia,188,4,63,131
1168,2020-04-29,norfolk,virginia,192,4,59,135
1169,2020-04-30,norfolk,virginia,198,6,72,140
1170,2020-05-01,norfolk,virginia,204,6,70,145
1171,2020-05-02,norfolk,virginia,211,7,79,139
1172,2020-05-03,norfolk,virginia,221,10,83,129
1173,2020-05-04,norfolk,virginia,239,18,69,122
1174,2020-05-05,norfolk,virginia,251,12,68,119
1175,2020-05-06,norfolk,virginia,251,0,76,119
1176,2020-05-07,norfolk,virginia,270,19,68,107
1177,2020-05-08,norfolk,virginia,274,4,75,114
1178,2020-05-09,norfolk,virginia,290,16,60,103
1179,2020-05-10,norfolk,virginia,304,14,46,95
1180,2020-05-11,norfolk,virginia,308,4,53,124
1181,2020-05-12,norfolk,virginia,319,11,51,131
1182,2020-05-13,norfolk,virginia,327,8,43,124
1183,2020-05-14,norfolk,virginia,338,11,39,114
1184,2020-05-15,norfolk,virginia,349,11,39,121
1185,2020-05-16,norfolk,virginia,350,1,43,140
1186,2020-05-17,norfolk,virginia,350,0,49,153
1187,2020-05-18,norfolk,virginia,361,11,71,160
1188,2020-05-19,norfolk,virginia,370,9,80,160
1189,2020-05-20,norfolk,virginia,370,0,81,169
1190,2020-05-21,norfolk,virginia,377,7,75,175
1191,2020-05-22,norfolk,virginia,388,11,82,172
1192,2020-05-23,norfolk,virginia,393,5,97,169
1193,2020-05-24,norfolk,virginia,399,6,104,184
1194,2020-05-25,norfolk,virginia,432,33,89,157
1195,2020-05-26,norfolk,virginia,450,18,80,146
1196,2020-05-27,norfolk,virginia,451,1,88,154
1197,2020-05-28,norfolk,virginia,452,1,100,167
1198,2020-05-29,norfolk,virginia,470,18,90,160
1199,2020-05-30,norfolk,virginia,490,20,72,153
1200,2020-05-31,norfolk,virginia,503,13,80,157
1201,2020-06-01,norfolk,virginia,521,18,68,147
1202,2020-06-02,norfolk,virginia,530,9,66,151
1203,2020-06-03,norfolk,virginia,539,9,66,159
1204,2020-06-04,norfolk,virginia,552,13,67,152
1205,2020-06-05,norfolk,virginia,560,8,70,147
1206,2020-06-06,norfolk,virginia,562,2,81,161
1207,2020-06-07,norfolk,virginia,583,21,77,154
1208,2020-06-08,norfolk,virginia,589,6,79,157
1209,2020-06-09,norfolk,virginia,596,7,85,151
1210,2020-06-10,norfolk,virginia,605,9,93,166
1211,2020-06-11,norfolk,virginia,619,14,85,176
1212,2020-06-12,norfolk,virginia,630,11,77,192
1213,2020-06-13,norfolk,virginia,643,13,80,199
1214,2020-06-14,norfolk,virginia,660,17,77,195
1215,2020-06-15,norfolk,virginia,668,8,78,221
1216,2020-06-16,norfolk,virginia,681,13,66,234
1217,2020-06-17,norfolk,virginia,698,17,73,236
1218,2020-06-18,norfolk,virginia,704,6,91,283
1219,2020-06-19,norfolk,virginia,707,3,115,293
1220,2020-06-20,norfolk,virginia,723,16,119,344
1221,2020-06-21,norfolk,virginia,737,14,118,335
1222,2020-06-22,norfolk,virginia,746,9,143,359
1223,2020-06-23,norfolk,virginia,747,1,168,415
1224,2020-06-24,norfolk,virginia,771,24,163,423
1225,2020-06-25,norfolk,virginia,795,24,192,494
1226,2020-06-26,norfolk,virginia,822,27,178,538
1227,2020-06-27,norfolk,virginia,842,20,225,606
1228,2020-06-28,norfolk,virginia,855,13,217,693
1229,2020-06-29,norfolk,virginia,889,34,216,699
1230,2020-06-30,norfolk,virginia,915,26,247,691
1231,2020-07-01,norfolk,virginia,934,19,260,808
1232,2020-07-02,norfolk,virginia,987,53,302,901
1233,2020-07-03,norfolk,virginia,1000,13,360,1020
1234,2020-07-04,norfolk,virginia,1067,67,381,1067
1235,2020-07-05,norfolk,virginia,1072,5,476,1083
1236,2020-07-06,norfolk,virginia,1105,33,483,1109
1237,2020-07-07,norfolk,virginia,1162,57,444,1167
1238,2020-07-08,norfolk,virginia,1194,32,548,1195
1239,2020-07-09,norfolk,virginia,1289,95,599,1200
1240,2020-07-10,norfolk,virginia,1360,71,660,1222
1241,2020-07-11,norfolk,virginia,1448,88,686,1213
1242,2020-07-12,norfolk,virginia,1548,100,607,1223
1243,2020-07-13,norfolk,virginia,1588,40,626,1191
1244,2020-07-14,norfolk,virginia,1606,18,723,1208
1245,2020-07-15,norfolk,virginia,1742,136,647,1195
1246,2020-07-16,norfolk,virginia,1888,146,601,1192
1247,2020-07-17,norfolk,virginia,2020,132,562,1160
1248,2020-07-18,norfolk,virginia,2134,114,527,1051
1249,2020-07-19,norfolk,virginia,2155,21,616,1055
1250,2020-07-20,norfolk,virginia,2214,59,565,1131
1251,2020-07-21,norfolk,virginia,2329,115,485,1096
1252,2020-07-22,norfolk,virginia,2389,60,548,1104
1253,2020-07-23,norfolk,virginia,2489,100,591,1007
1254,2020-07-24,norfolk,virginia,2582,93,598,1047
1255,2020-07-25,norfolk,virginia,2661,79,524,1039
1256,2020-07-26,norfolk,virginia,2771,110,439,932
1257,2020-07-27,norfolk,virginia,2779,8,566,924
1258,2020-07-28,norfolk,virginia,2814,35,611,973
1259,2020-07-29,norfolk,virginia,2937,123,556,865
1260,2020-07-30,norfolk,virginia,3080,143,416,778
1261,2020-07-31,norfolk,virginia,3180,100,449,715
1262,2020-08-01,norfolk,virginia,3185,5,515,759
1263,2020-08-02,norfolk,virginia,3210,25,493,772
1264,2020-08-03,norfolk,virginia,3345,135,358,657
1265,2020-08-04,norfolk,virginia,3425,80,362,607
1266,2020-08-05,norfolk,virginia,3493,68,309,569
1267,2020-08-06,norfolk,virginia,3496,3,362,595
1268,2020-08-07,norfolk,virginia,3629,133,266,490
1269,2020-08-08,norfolk,virginia,3700,71,244,464
1270,2020-08-09,norfolk,virginia,3703,3,279,461
1271,2020-08-10,norfolk,virginia,3703,0,299,461
1272,2020-08-11,norfolk,virginia,3787,84,245,458
1273,2020-08-12,norfolk,virginia,3802,15,260,458
1274,2020-08-13,norfolk,virginia,3858,56,233,439
1275,2020-08-14,norfolk,virginia,3895,37,224,433
1276,2020-08-15,norfolk,virginia,3944,49,220,390
1277,2020-08-16,norfolk,virginia,3982,38,182,379
1278,2020-08-17,norfolk,virginia,4002,20,162,392
1279,2020-08-18,norfolk,virginia,4032,30,213,374
1280,2020-08-19,norfolk,virginia,4062,30,198,367
1281,2020-08-20,norfolk,virginia,4091,29,206,359
1282,2020-08-21,norfolk,virginia,4119,28,209,349
1283,2020-08-22,norfolk,virginia,4164,45,170,317
1284,2020-08-23,norfolk,virginia,4164,0,197,320
1285,2020-08-24,norfolk,virginia,4164,0,230,369
1286,2020-08-25,norfolk,virginia,4245,81,161,292
1287,2020-08-26,norfolk,virginia,4260,15,169,285
1288,2020-08-27,norfolk,virginia,4297,37,153,280
1289,2020-08-28,norfolk,virginia,4328,31,140,284
1290,2020-08-29,norfolk,virginia,4334,6,147,296
1291,2020-08-30,norfolk,virginia,4361,27,123,286
1292,2020-08-31,norfolk,virginia,4394,33,139,257
1293,2020-09-01,norfolk,virginia,4406,12,131,270
1294,2020-09-02,norfolk,virginia,4429,23,116,256
1295,2020-09-03,norfolk,virginia,4450,21,127,257
1296,2020-09-04,norfolk,virginia,4468,18,144,253
1297,2020-09-05,norfolk,virginia,4481,13,149,242
1298,2020-09-06,norfolk,virginia,4484,3,163,261
1299,2020-09-07,norfolk,virginia,4533,49,118,212
1300,2020-09-08,norfolk,virginia,4537,4,139,227
1301,2020-09-09,norfolk,virginia,4545,8,140,220
1302,2020-09-10,norfolk,virginia,4577,32,130,204
1303,2020-09-11,norfolk,virginia,4612,35,109,188
1304,2020-09-12,norfolk,virginia,4630,18,93,192
1305,2020-09-13,norfolk,virginia,4647,17,98,177
1306,2020-09-14,norfolk,virginia,4651,4,94,189
1307,2020-09-15,norfolk,virginia,4676,25,88,194
1308,2020-09-16,norfolk,virginia,4685,9,80,196
1309,2020-09-17,norfolk,virginia,4707,22,74,184
1310,2020-09-18,norfolk,virginia,4721,14,79,179
1311,2020-09-19,norfolk,virginia,4723,2,99,211
1312,2020-09-20,norfolk,virginia,4745,22,79,191
1313,2020-09-21,norfolk,virginia,4745,0,95,208
1314,2020-09-22,norfolk,virginia,4764,19,106,191
1315,2020-09-23,norfolk,virginia,4765,1,116,203
1316,2020-09-24,norfolk,virginia,4781,16,110,215
1317,2020-09-25,norfolk,virginia,4800,19,100,217
1318,2020-09-26,norfolk,virginia,4822,22,112,223
1319,2020-09-27,norfolk,virginia,4824,2,112,221
1320,2020-09-28,norfolk,virginia,4840,16,113,224
1321,2020-09-29,norfolk,virginia,4870,30,85,215
1322,2020-09-30,norfolk,virginia,4881,11,87,211
1323,2020-10-01,norfolk,virginia,4891,10,105,231
1324,2020-10-02,norfolk,virginia,4900,9,117,245
1325,2020-10-03,norfolk,virginia,4934,34,111,235
1326,2020-10-04,norfolk,virginia,4936,2,109,243
1327,2020-10-05,norfolk,virginia,4953,17,111,226
1328,2020-10-06,norfolk,virginia,4955,2,130,254
1329,2020-10-07,norfolk,virginia,4968,13,124,251
1330,2020-10-08,norfolk,virginia,4996,28,126,247
1331,2020-10-09,norfolk,virginia,5017,21,128,265
1332,2020-10-10,norfolk,virginia,5045,28,124,261
1333,2020-10-11,norfolk,virginia,5045,0,134,285
1334,2020-10-12,norfolk,virginia,5064,19,115,267
1335,2020-10-13,norfolk,virginia,5085,21,124,284
1336,2020-10-14,norfolk,virginia,5092,7,127,303
1337,2020-10-15,norfolk,virginia,5122,30,121,297
1338,2020-10-16,norfolk,virginia,5145,23,137,300
1339,2020-10-17,norfolk,virginia,5169,24,137,324
1340,2020-10-18,norfolk,virginia,5179,10,151,315
1341,2020-10-19,norfolk,virginia,5179,0,152,355
1342,2020-10-20,norfolk,virginia,5209,30,160,354
1343,2020-10-21,norfolk,virginia,5219,10,176,370
1344,2020-10-22,norfolk,virginia,5243,24,176,366
1345,2020-10-23,norfolk,virginia,5282,39,163,367
1346,2020-10-24,norfolk,virginia,5306,24,187,395
1347,2020-10-25,norfolk,virginia,5330,24,164,397
1348,2020-10-26,norfolk,virginia,5331,1,203,397
1349,2020-10-27,norfolk,virginia,5369,38,194,408
1350,2020-10-28,norfolk,virginia,5395,26,194,410
1351,2020-10-29,norfolk,virginia,5419,24,190,397
1352,2020-10-30,norfolk,virginia,5445,26,204,384
1353,2020-10-31,norfolk,virginia,5493,48,208,370
1354,2020-11-01,norfolk,virginia,5494,1,233,378
1355,2020-11-02,norfolk,virginia,5534,40,194,431
1356,2020-11-03,norfolk,virginia,5563,29,214,474
1357,2020-11-04,norfolk,virginia,5589,26,216,494
1358,2020-11-05,norfolk,virginia,5609,20,207,507
1359,2020-11-06,norfolk,virginia,5649,40,180,495
1360,2020-11-07,norfolk,virginia,5701,52,162,477
1361,2020-11-08,norfolk,virginia,5727,26,145,517
1362,2020-11-09,norfolk,virginia,5728,1,237,569
1363,2020-11-10,norfolk,virginia,5777,49,260,567
1364,2020-11-11,norfolk,virginia,5805,28,278,573
1365,2020-11-12,norfolk,virginia,5816,11,300,585
1366,2020-11-13,norfolk,virginia,5829,13,315,579
1367,2020-11-14,norfolk,virginia,5863,34,315,560
1368,2020-11-15,norfolk,virginia,5872,9,372,656
1369,2020-11-16,norfolk,virginia,5965,93,332,563
1370,2020-11-17,norfolk,virginia,6037,72,307,529
1371,2020-11-18,norfolk,virginia,6083,46,295,534
1372,2020-11-19,norfolk,virginia,6116,33,285,538
1373,2020-11-20,norfolk,virginia,6144,28,264,584
1374,2020-11-21,norfolk,virginia,6178,34,245,608
1375,2020-11-22,norfolk,virginia,6244,66,284,
1376,2020-11-23,norfolk,virginia,6297,53,231,
1377,2020-11-24,norfolk,virginia,6344,47,222,
1378,2020-11-25,norfolk,virginia,6378,34,239,
1379,2020-11-26,norfolk,virginia,6401,23,253,
1380,2020-11-27,norfolk,virginia,6408,7,320,
1381,2020-11-28,norfolk,virginia,6423,15,363,
1382,2020-11-29,norfolk,virginia,6528,105,,
1383,2020-11-30,norfolk,virginia,6528,0,,
1384,2020-12-01,norfolk,virginia,6566,38,,
1385,2020-12-02,norfolk,virginia,6617,51,,
1386,2020-12-03,norfolk,virginia,6654,37,,
1387,2020-12-04,norfolk,virginia,6728,74,,
1388,2020-12-05,norfolk,virginia,6786,58,,
1389,2020-03-05,nassau,new york,1,1,40,381
1390,2020-03-06,nassau,new york,4,3,47,750
1391,2020-03-07,nassau,new york,4,0,75,1230
1392,2020-03-08,nassau,new york,5,1,93,1895
1393,2020-03-09,nassau,new york,17,12,92,2425
1394,2020-03-10,nassau,new york,19,2,112,2850
1395,2020-03-11,nassau,new york,28,9,155,3257
1396,2020-03-12,nassau,new york,41,13,341,3873
1397,2020-03-13,nassau,new york,51,10,703,4606
1398,2020-03-14,nassau,new york,79,28,1155,5458
1399,2020-03-15,nassau,new york,98,19,1802,6347
1400,2020-03-16,nassau,new york,109,11,2333,7235
1401,2020-03-17,nassau,new york,131,22,2738,8413
1402,2020-03-18,nassau,new york,183,52,3102,9372
1403,2020-03-19,nassau,new york,382,199,3532,10205
1404,2020-03-20,nassau,new york,754,372,3903,11270
1405,2020-03-21,nassau,new york,1234,480,4303,12112
1406,2020-03-22,nassau,new york,1900,666,4545,12498
1407,2020-03-23,nassau,new york,2442,542,4902,13174
1408,2020-03-24,nassau,new york,2869,427,5675,13741
1409,2020-03-25,nassau,new york,3285,416,6270,15263
1410,2020-03-26,nassau,new york,3914,629,6673,16226
1411,2020-03-27,nassau,new york,4657,743,7367,16855
1412,2020-03-28,nassau,new york,5537,880,7809,17047
1413,2020-03-29,nassau,new york,6445,908,7953,17108
1414,2020-03-30,nassau,new york,7344,899,8272,17014
1415,2020-03-31,nassau,new york,8544,1200,8066,16706
1416,2020-04-01,nassau,new york,9555,1011,8993,17160
1417,2020-04-02,nassau,new york,10587,1032,9553,17185
1418,2020-04-03,nassau,new york,12024,1437,9488,16515
1419,2020-04-04,nassau,new york,13346,1322,9238,15834
1420,2020-04-05,nassau,new york,14398,1052,9155,15615
1421,2020-04-06,nassau,new york,15616,1218,8742,15061
1422,2020-04-07,nassau,new york,16610,994,8640,14469
1423,2020-04-08,nassau,new york,18548,1938,8167,13007
1424,2020-04-09,nassau,new york,20140,1592,7632,11984
1425,2020-04-10,nassau,new york,21512,1372,7027,11253
1426,2020-04-11,nassau,new york,22584,1072,6596,11214
1427,2020-04-12,nassau,new york,23553,969,6460,10969
1428,2020-04-13,nassau,new york,24358,805,6319,10507
1429,2020-04-14,nassau,new york,25250,892,5829,9835
1430,2020-04-15,nassau,new york,26715,1465,4840,8790
1431,2020-04-16,nassau,new york,27772,1057,4352,8082
1432,2020-04-17,nassau,new york,28539,767,4226,7622
1433,2020-04-18,nassau,new york,29180,641,4618,7339
1434,2020-04-19,nassau,new york,30013,833,4509,6767
1435,2020-04-20,nassau,new york,30677,664,4188,6288
1436,2020-04-21,nassau,new york,31079,402,4006,6073
1437,2020-04-22,nassau,new york,31555,476,3950,5795
1438,2020-04-23,nassau,new york,32124,569,3730,5469
1439,2020-04-24,nassau,new york,32765,641,3396,5047
1440,2020-04-25,nassau,new york,33798,1033,2721,4230
1441,2020-04-26,nassau,new york,34522,724,2258,3695
1442,2020-04-27,nassau,new york,34865,343,2100,3472
1443,2020-04-28,nassau,new york,35085,220,2067,3349
1444,2020-04-29,nassau,new york,35505,420,1845,3082
1445,2020-04-30,nassau,new york,35854,349,1739,2889
1446,2020-05-01,nassau,new york,36161,307,1651,2703
1447,2020-05-02,nassau,new york,36519,358,1509,2514
1448,2020-05-03,nassau,new york,36780,261,1437,2356
1449,2020-05-04,nassau,new york,36965,185,1372,2260
1450,2020-05-05,nassau,new york,37152,187,1282,2143
1451,2020-05-06,nassau,new york,37350,198,1237,2018
1452,2020-05-07,nassau,new york,37593,243,1150,1894
1453,2020-05-08,nassau,new york,37812,219,1052,1796
1454,2020-05-09,nassau,new york,38028,216,1005,1698
1455,2020-05-10,nassau,new york,38217,189,919,1620
1456,2020-05-11,nassau,new york,38337,120,888,1570
1457,2020-05-12,nassau,new york,38434,97,861,1540
1458,2020-05-13,nassau,new york,38587,153,781,1447
1459,2020-05-14,nassau,new york,38743,156,744,1397
1460,2020-05-15,nassau,new york,38864,121,744,1362
1461,2020-05-16,nassau,new york,39033,169,693,1274
1462,2020-05-17,nassau,new york,39136,103,701,1260
1463,2020-05-18,nassau,new york,39225,89,682,1254
1464,2020-05-19,nassau,new york,39295,70,679,1277
1465,2020-05-20,nassau,new york,39368,73,666,1276
1466,2020-05-21,nassau,new york,39487,119,653,1226
1467,2020-05-22,nassau,new york,39608,121,618,1189
1468,2020-05-23,nassau,new york,39726,118,581,1127
1469,2020-05-24,nassau,new york,39837,111,559,1067
1470,2020-05-25,nassau,new york,39907,70,572,1040
1471,2020-05-26,nassau,new york,39974,67,598,1006
1472,2020-05-27,nassau,new york,40034,60,610,981
1473,2020-05-28,nassau,new york,40140,106,573,920
1474,2020-05-29,nassau,new york,40226,86,571,888
1475,2020-05-30,nassau,new york,40307,81,546,865
1476,2020-05-31,nassau,new york,40396,89,508,808
1477,2020-06-01,nassau,new york,40479,83,468,761
1478,2020-06-02,nassau,new york,40572,93,408,718
1479,2020-06-03,nassau,new york,40644,72,371,676
1480,2020-06-04,nassau,new york,40713,69,347,636
1481,2020-06-05,nassau,new york,40797,84,317,590
1482,2020-06-06,nassau,new york,40853,56,319,590
1483,2020-06-07,nassau,new york,40904,51,300,575
1484,2020-06-08,nassau,new york,40947,43,293,566
1485,2020-06-09,nassau,new york,40980,33,310,564
1486,2020-06-10,nassau,new york,41015,35,305,570
1487,2020-06-11,nassau,new york,41060,45,289,586
1488,2020-06-12,nassau,new york,41114,54,273,570
1489,2020-06-13,nassau,new york,41172,58,271,553
1490,2020-06-14,nassau,new york,41204,32,275,550
1491,2020-06-15,nassau,new york,41240,36,273,540
1492,2020-06-16,nassau,new york,41290,50,254,517
1493,2020-06-17,nassau,new york,41320,30,265,533
1494,2020-06-18,nassau,new york,41349,29,297,561
1495,2020-06-19,nassau,new york,41387,38,297,560
1496,2020-06-20,nassau,new york,41443,56,282,545
1497,2020-06-21,nassau,new york,41479,36,275,552
1498,2020-06-22,nassau,new york,41513,34,267,540
1499,2020-06-23,nassau,new york,41544,31,263,544
1500,2020-06-24,nassau,new york,41585,41,268,537
1501,2020-06-25,nassau,new york,41646,61,264,518
1502,2020-06-26,nassau,new york,41684,38,263,548
1503,2020-06-27,nassau,new york,41725,41,263,542
1504,2020-06-28,nassau,new york,41754,29,277,553
1505,2020-06-29,nassau,new york,41780,26,273,574
1506,2020-06-30,nassau,new york,41807,27,281,616
1507,2020-07-01,nassau,new york,41853,46,269,609
1508,2020-07-02,nassau,new york,41910,57,254,596
1509,2020-07-03,nassau,new york,41947,37,285,608
1510,2020-07-04,nassau,new york,41988,41,279,606
1511,2020-07-05,nassau,new york,42031,43,276,591
1512,2020-07-06,nassau,new york,42053,22,301,625
1513,2020-07-07,nassau,new york,42088,35,335,641
1514,2020-07-08,nassau,new york,42122,34,340,643
1515,2020-07-09,nassau,new york,42164,42,342,652
1516,2020-07-10,nassau,new york,42232,68,323,628
1517,2020-07-11,nassau,new york,42267,35,327,648
1518,2020-07-12,nassau,new york,42307,40,315,653
1519,2020-07-13,nassau,new york,42354,47,324,663
1520,2020-07-14,nassau,new york,42423,69,306,636
1521,2020-07-15,nassau,new york,42462,39,303,638
1522,2020-07-16,nassau,new york,42506,44,310,652
1523,2020-07-17,nassau,new york,42555,49,305,648
1524,2020-07-18,nassau,new york,42594,39,321,677
1525,2020-07-19,nassau,new york,42622,28,338,700
1526,2020-07-20,nassau,new york,42678,56,339,702
1527,2020-07-21,nassau,new york,42729,51,330,707
1528,2020-07-22,nassau,new york,42765,36,335,717
1529,2020-07-23,nassau,new york,42816,51,342,718
1530,2020-07-24,nassau,new york,42860,44,343,720
1531,2020-07-25,nassau,new york,42915,55,356,713
1532,2020-07-26,nassau,new york,42960,45,362,695
1533,2020-07-27,nassau,new york,43017,57,363,673
1534,2020-07-28,nassau,new york,43059,42,377,665
1535,2020-07-29,nassau,new york,43100,41,382,661
1536,2020-07-30,nassau,new york,43158,58,376,637
1537,2020-07-31,nassau,new york,43203,45,377,637
1538,2020-08-01,nassau,new york,43271,68,357,620
1539,2020-08-02,nassau,new york,43322,51,333,607
1540,2020-08-03,nassau,new york,43380,58,310,575
1541,2020-08-04,nassau,new york,43436,56,288,565
1542,2020-08-05,nassau,new york,43482,46,279,581
1543,2020-08-06,nassau,new york,43534,52,261,578
1544,2020-08-07,nassau,new york,43580,46,260,582
1545,2020-08-08,nassau,new york,43628,48,263,577
1546,2020-08-09,nassau,new york,43655,27,274,590
1547,2020-08-10,nassau,new york,43690,35,265,594
1548,2020-08-11,nassau,new york,43724,34,277,624
1549,2020-08-12,nassau,new york,43761,37,302,642
1550,2020-08-13,nassau,new york,43795,34,317,655
1551,2020-08-14,nassau,new york,43840,45,322,663
1552,2020-08-15,nassau,new york,43891,51,314,663
1553,2020-08-16,nassau,new york,43929,38,316,681
1554,2020-08-17,nassau,new york,43955,26,329,722
1555,2020-08-18,nassau,new york,44001,46,347,760
1556,2020-08-19,nassau,new york,44063,62,340,782
1557,2020-08-20,nassau,new york,44112,49,338,812
1558,2020-08-21,nassau,new york,44162,50,341,846
1559,2020-08-22,nassau,new york,44205,43,349,910
1560,2020-08-23,nassau,new york,44245,40,365,948
1561,2020-08-24,nassau,new york,44284,39,393,945
1562,2020-08-25,nassau,new york,44348,64,413,946
1563,2020-08-26,nassau,new york,44403,55,442,969
1564,2020-08-27,nassau,new york,44450,47,474,995
1565,2020-08-28,nassau,new york,44503,53,505,1047
1566,2020-08-29,nassau,new york,44554,51,561,1079
1567,2020-08-30,nassau,new york,44610,56,583,1101
1568,2020-08-31,nassau,new york,44677,67,552,1086
1569,2020-09-01,nassau,new york,44761,84,533,1079
1570,2020-09-02,nassau,new york,44845,84,527,1061
1571,2020-09-03,nassau,new york,44924,79,521,1065
1572,2020-09-04,nassau,new york,45008,84,542,1044
1573,2020-09-05,nassau,new york,45115,107,518,1039
1574,2020-09-06,nassau,new york,45193,78,518,1025
1575,2020-09-07,nassau,new york,45229,36,534,1030
1576,2020-09-08,nassau,new york,45294,65,546,1031
1577,2020-09-09,nassau,new york,45372,78,534,1016
1578,2020-09-10,nassau,new york,45445,73,544,989
1579,2020-09-11,nassau,new york,45550,105,502,955
1580,2020-09-12,nassau,new york,45633,83,521,943
1581,2020-09-13,nassau,new york,45711,78,507,932
1582,2020-09-14,nassau,new york,45763,52,496,948
1583,2020-09-15,nassau,new york,45840,77,485,951
1584,2020-09-16,nassau,new york,45906,66,482,951
1585,2020-09-17,nassau,new york,45989,83,445,940
1586,2020-09-18,nassau,new york,46052,63,453,982
1587,2020-09-19,nassau,new york,46154,102,422,1013
1588,2020-09-20,nassau,new york,46218,64,425,1028
1589,2020-09-21,nassau,new york,46259,41,452,1043
1590,2020-09-22,nassau,new york,46325,66,466,1067
1591,2020-09-23,nassau,new york,46388,63,469,1128
1592,2020-09-24,nassau,new york,46434,46,495,1222
1593,2020-09-25,nassau,new york,46505,71,529,1231
1594,2020-09-26,nassau,new york,46576,71,591,1265
1595,2020-09-27,nassau,new york,46643,67,603,1290
1596,2020-09-28,nassau,new york,46711,68,591,1287
1597,2020-09-29,nassau,new york,46791,80,601,1308
1598,2020-09-30,nassau,new york,46857,66,659,1327
1599,2020-10-01,nassau,new york,46929,72,727,1343
1600,2020-10-02,nassau,new york,47034,105,702,1343
1601,2020-10-03,nassau,new york,47167,133,674,1327
1602,2020-10-04,nassau,new york,47246,79,687,1350
1603,2020-10-05,nassau,new york,47302,56,696,1355
1604,2020-10-06,nassau,new york,47392,90,707,1339
1605,2020-10-07,nassau,new york,47516,124,668,1348
1606,2020-10-08,nassau,new york,47656,140,616,1285
1607,2020-10-09,nassau,new york,47736,80,641,1306
1608,2020-10-10,nassau,new york,47841,105,653,1362
1609,2020-10-11,nassau,new york,47933,92,663,1379
1610,2020-10-12,nassau,new york,47998,65,659,1379
1611,2020-10-13,nassau,new york,48099,101,632,1397
1612,2020-10-14,nassau,new york,48184,85,680,1479
1613,2020-10-15,nassau,new york,48272,88,669,1569
1614,2020-10-16,nassau,new york,48377,105,665,1630
1615,2020-10-17,nassau,new york,48494,117,709,1659
1616,2020-10-18,nassau,new york,48596,102,716,1698
1617,2020-10-19,nassau,new york,48657,61,720,1750
1618,2020-10-20,nassau,new york,48731,74,765,1871
1619,2020-10-21,nassau,new york,48864,133,799,1838
1620,2020-10-22,nassau,new york,48941,77,900,1977
1621,2020-10-23,nassau,new york,49042,101,965,2122
1622,2020-10-24,nassau,new york,49203,161,950,2215
1623,2020-10-25,nassau,new york,49312,109,982,2370
1624,2020-10-26,nassau,new york,49377,65,1030,2518
1625,2020-10-27,nassau,new york,49496,119,1106,2677
1626,2020-10-28,nassau,new york,49663,167,1039,2912
1627,2020-10-29,nassau,new york,49841,178,1077,3056
1628,2020-10-30,nassau,new york,50007,166,1157,3264
1629,2020-10-31,nassau,new york,50153,146,1265,3535
1630,2020-11-01,nassau,new york,50294,141,1388,3720
1631,2020-11-02,nassau,new york,50407,113,1488,3902
1632,2020-11-03,nassau,new york,50602,195,1571,4113
1633,2020-11-04,nassau,new york,50702,100,1873,4410
1634,2020-11-05,nassau,new york,50918,216,1979,4568
1635,2020-11-06,nassau,new york,51164,246,2107,4711
1636,2020-11-07,nassau,new york,51418,254,2270,4851
1637,2020-11-08,nassau,new york,51682,264,2332,5024
1638,2020-11-09,nassau,new york,51895,213,2414,5232
1639,2020-11-10,nassau,new york,52173,278,2542,5316
1640,2020-11-11,nassau,new york,52575,402,2537,5410
1641,2020-11-12,nassau,new york,52897,322,2589,5670
1642,2020-11-13,nassau,new york,53271,374,2604,5967
1643,2020-11-14,nassau,new york,53688,417,2581,6012
1644,2020-11-15,nassau,new york,54014,326,2692,6167
1645,2020-11-16,nassau,new york,54309,295,2818,6392
1646,2020-11-17,nassau,new york,54715,406,2774,6447
1647,2020-11-18,nassau,new york,55112,397,2873,6876
1648,2020-11-19,nassau,new york,55486,374,3081,7259
1649,2020-11-20,nassau,new york,55875,389,3363,7786
1650,2020-11-21,nassau,new york,56269,394,3431,8090
1651,2020-11-22,nassau,new york,56706,437,3475,
1652,2020-11-23,nassau,new york,57127,421,3574,
1653,2020-11-24,nassau,new york,57489,362,3673,
1654,2020-11-25,nassau,new york,57985,496,4003,
1655,2020-11-26,nassau,new york,58567,582,4178,
1656,2020-11-27,nassau,new york,59238,671,4423,
1657,2020-11-28,nassau,new york,59700,462,4659,
1658,2020-11-29,nassau,new york,60181,481,,
1659,2020-11-30,nassau,new york,60701,520,,
1660,2020-12-01,nassau,new york,61162,461,,
1661,2020-12-02,nassau,new york,61988,826,,
1662,2020-12-03,nassau,new york,62745,757,,
1663,2020-12-04,nassau,new york,63661,916,,
1664,2020-12-05,nassau,new york,64359,698,,
1665,2020-03-13,harrisonburg,virginia,1,1,0,4
1666,2020-03-14,harrisonburg,virginia,1,0,0,4
1667,2020-03-15,harrisonburg,virginia,1,0,0,4
1668,2020-03-16,harrisonburg,virginia,1,0,0,5
1669,2020-03-17,harrisonburg,virginia,1,0,0,5
1670,2020-03-18,harrisonburg,virginia,1,0,1,9
1671,2020-03-19,harrisonburg,virginia,1,0,2,14
1672,2020-03-20,harrisonburg,virginia,1,0,4,21
1673,2020-03-21,harrisonburg,virginia,1,0,4,21
1674,2020-03-22,harrisonburg,virginia,1,0,4,24
1675,2020-03-23,harrisonburg,virginia,1,0,5,26
1676,2020-03-24,harrisonburg,virginia,1,0,5,26
1677,2020-03-25,harrisonburg,virginia,2,1,8,34
1678,2020-03-26,harrisonburg,virginia,3,1,12,36
1679,2020-03-27,harrisonburg,virginia,5,2,17,52
1680,2020-03-28,harrisonburg,virginia,5,0,17,74
1681,2020-03-29,harrisonburg,virginia,5,0,20,76
1682,2020-03-30,harrisonburg,virginia,6,1,21,81
1683,2020-03-31,harrisonburg,virginia,6,0,21,89
1684,2020-04-01,harrisonburg,virginia,10,4,26,91
1685,2020-04-02,harrisonburg,virginia,15,5,24,104
1686,2020-04-03,harrisonburg,virginia,22,7,35,192
1687,2020-04-04,harrisonburg,virginia,22,0,57,211
1688,2020-04-05,harrisonburg,virginia,25,3,56,211
1689,2020-04-06,harrisonburg,virginia,27,2,60,225
1690,2020-04-07,harrisonburg,virginia,27,0,68,237
1691,2020-04-08,harrisonburg,virginia,36,9,65,282
1692,2020-04-09,harrisonburg,virginia,39,3,80,307
1693,2020-04-10,harrisonburg,virginia,57,18,157,298
1694,2020-04-11,harrisonburg,virginia,79,22,154,291
1695,2020-04-12,harrisonburg,virginia,81,2,155,290
1696,2020-04-13,harrisonburg,virginia,87,6,165,296
1697,2020-04-14,harrisonburg,virginia,95,8,169,311
1698,2020-04-15,harrisonburg,virginia,101,6,217,310
1699,2020-04-16,harrisonburg,virginia,119,18,227,307
1700,2020-04-17,harrisonburg,virginia,214,95,141,242
1701,2020-04-18,harrisonburg,virginia,233,19,137,237
1702,2020-04-19,harrisonburg,virginia,236,3,135,242
1703,2020-04-20,harrisonburg,virginia,252,16,131,245
1704,2020-04-21,harrisonburg,virginia,264,12,142,261
1705,2020-04-22,harrisonburg,virginia,318,54,93,207
1706,2020-04-23,harrisonburg,virginia,346,28,80,206
1707,2020-04-24,harrisonburg,virginia,355,9,101,219
1708,2020-04-25,harrisonburg,virginia,370,15,100,208
1709,2020-04-26,harrisonburg,virginia,371,1,107,208
1710,2020-04-27,harrisonburg,virginia,383,12,114,200
1711,2020-04-28,harrisonburg,virginia,406,23,119,178
1712,2020-04-29,harrisonburg,virginia,411,5,114,196
1713,2020-04-30,harrisonburg,virginia,426,15,126,189
1714,2020-05-01,harrisonburg,virginia,456,30,118,164
1715,2020-05-02,harrisonburg,virginia,470,14,108,161
1716,2020-05-03,harrisonburg,virginia,478,8,101,154
1717,2020-05-04,harrisonburg,virginia,497,19,86,136
1718,2020-05-05,harrisonburg,virginia,525,28,59,122
1719,2020-05-06,harrisonburg,virginia,525,0,82,150
1720,2020-05-07,harrisonburg,virginia,552,27,63,143
1721,2020-05-08,harrisonburg,virginia,574,22,46,130
1722,2020-05-09,harrisonburg,virginia,578,4,53,131
1723,2020-05-10,harrisonburg,virginia,579,1,53,137
1724,2020-05-11,harrisonburg,virginia,583,4,50,144
1725,2020-05-12,harrisonburg,virginia,584,1,63,158
1726,2020-05-13,harrisonburg,virginia,607,23,68,139
1727,2020-05-14,harrisonburg,virginia,615,8,80,142
1728,2020-05-15,harrisonburg,virginia,620,5,84,145
1729,2020-05-16,harrisonburg,virginia,631,11,78,143
1730,2020-05-17,harrisonburg,virginia,632,1,84,147
1731,2020-05-18,harrisonburg,virginia,633,1,94,164
1732,2020-05-19,harrisonburg,virginia,647,14,95,152
1733,2020-05-20,harrisonburg,virginia,675,28,71,134
1734,2020-05-21,harrisonburg,virginia,695,20,62,119
1735,2020-05-22,harrisonburg,virginia,704,9,61,113
1736,2020-05-23,harrisonburg,virginia,709,5,65,114
1737,2020-05-24,harrisonburg,virginia,716,7,63,116
1738,2020-05-25,harrisonburg,virginia,727,11,70,106
1739,2020-05-26,harrisonburg,virginia,742,15,57,95
1740,2020-05-27,harrisonburg,virginia,746,4,63,96
1741,2020-05-28,harrisonburg,virginia,757,11,57,89
1742,2020-05-29,harrisonburg,virginia,765,8,52,85
1743,2020-05-30,harrisonburg,virginia,774,9,49,73
1744,2020-05-31,harrisonburg,virginia,779,5,53,76
1745,2020-06-01,harrisonburg,virginia,797,18,36,59
1746,2020-06-02,harrisonburg,virginia,799,2,38,60
1747,2020-06-03,harrisonburg,virginia,809,10,33,55
1748,2020-06-04,harrisonburg,virginia,814,5,32,56
1749,2020-06-05,harrisonburg,virginia,817,3,33,57
1750,2020-06-06,harrisonburg,virginia,823,6,24,62
1751,2020-06-07,harrisonburg,virginia,832,9,23,57
1752,2020-06-08,harrisonburg,virginia,833,1,23,60
1753,2020-06-09,harrisonburg,virginia,837,4,22,59
1754,2020-06-10,harrisonburg,virginia,842,5,22,59
1755,2020-06-11,harrisonburg,virginia,846,4,24,61
1756,2020-06-12,harrisonburg,virginia,850,4,24,63
1757,2020-06-13,harrisonburg,virginia,847,-3,38,78
1758,2020-06-14,harrisonburg,virginia,855,8,34,78
1759,2020-06-15,harrisonburg,virginia,856,1,37,80
1760,2020-06-16,harrisonburg,virginia,859,3,37,80
1761,2020-06-17,harrisonburg,virginia,864,5,37,73
1762,2020-06-18,harrisonburg,virginia,870,6,37,71
1763,2020-06-19,harrisonburg,virginia,874,4,39,83
1764,2020-06-20,harrisonburg,virginia,885,11,40,78
1765,2020-06-21,harrisonburg,virginia,889,4,44,77
1766,2020-06-22,harrisonburg,virginia,893,4,43,73
1767,2020-06-23,harrisonburg,virginia,896,3,43,71
1768,2020-06-24,harrisonburg,virginia,901,5,36,71
1769,2020-06-25,harrisonburg,virginia,907,6,34,68
1770,2020-06-26,harrisonburg,virginia,913,6,44,63
1771,2020-06-27,harrisonburg,virginia,925,12,38,53
1772,2020-06-28,harrisonburg,virginia,933,8,33,46
1773,2020-06-29,harrisonburg,virginia,936,3,30,52
1774,2020-06-30,harrisonburg,virginia,939,3,28,53
1775,2020-07-01,harrisonburg,virginia,937,-2,35,59
1776,2020-07-02,harrisonburg,virginia,941,4,34,58
1777,2020-07-03,harrisonburg,virginia,957,16,19,44
1778,2020-07-04,harrisonburg,virginia,963,6,15,41
1779,2020-07-05,harrisonburg,virginia,966,3,13,40
1780,2020-07-06,harrisonburg,virginia,966,0,22,43
1781,2020-07-07,harrisonburg,virginia,967,1,25,43
1782,2020-07-08,harrisonburg,virginia,972,5,24,41
1783,2020-07-09,harrisonburg,virginia,975,3,24,40
1784,2020-07-10,harrisonburg,virginia,976,1,25,42
1785,2020-07-11,harrisonburg,virginia,978,2,26,43
1786,2020-07-12,harrisonburg,virginia,979,1,27,45
1787,2020-07-13,harrisonburg,virginia,988,9,21,40
1788,2020-07-14,harrisonburg,virginia,992,4,18,43
1789,2020-07-15,harrisonburg,virginia,996,4,17,41
1790,2020-07-16,harrisonburg,virginia,999,3,16,38
1791,2020-07-17,harrisonburg,virginia,1001,2,17,38
1792,2020-07-18,harrisonburg,virginia,1004,3,17,41
1793,2020-07-19,harrisonburg,virginia,1006,2,18,42
1794,2020-07-20,harrisonburg,virginia,1009,3,19,46
1795,2020-07-21,harrisonburg,virginia,1010,1,25,55
1796,2020-07-22,harrisonburg,virginia,1013,3,24,56
1797,2020-07-23,harrisonburg,virginia,1015,2,22,55
1798,2020-07-24,harrisonburg,virginia,1018,3,21,57
1799,2020-07-25,harrisonburg,virginia,1021,3,24,55
1800,2020-07-26,harrisonburg,virginia,1024,3,24,53
1801,2020-07-27,harrisonburg,virginia,1028,4,27,51
1802,2020-07-28,harrisonburg,virginia,1035,7,30,47
1803,2020-07-29,harrisonburg,virginia,1037,2,32,46
1804,2020-07-30,harrisonburg,virginia,1037,0,33,49
1805,2020-07-31,harrisonburg,virginia,1039,2,36,49
1806,2020-08-01,harrisonburg,virginia,1045,6,31,48
1807,2020-08-02,harrisonburg,virginia,1048,3,29,51
1808,2020-08-03,harrisonburg,virginia,1055,7,24,51
1809,2020-08-04,harrisonburg,virginia,1065,10,17,44
1810,2020-08-05,harrisonburg,virginia,1069,4,14,46
1811,2020-08-06,harrisonburg,virginia,1070,1,16,45
1812,2020-08-07,harrisonburg,virginia,1075,5,13,44
1813,2020-08-08,harrisonburg,virginia,1076,1,17,48
1814,2020-08-09,harrisonburg,virginia,1077,1,22,53
1815,2020-08-10,harrisonburg,virginia,1079,2,27,64
1816,2020-08-11,harrisonburg,virginia,1082,3,27,73
1817,2020-08-12,harrisonburg,virginia,1083,1,32,78
1818,2020-08-13,harrisonburg,virginia,1086,3,29,93
1819,2020-08-14,harrisonburg,virginia,1088,2,31,115
1820,2020-08-15,harrisonburg,virginia,1093,5,31,147
1821,2020-08-16,harrisonburg,virginia,1099,6,31,186
1822,2020-08-17,harrisonburg,virginia,1106,7,37,240
1823,2020-08-18,harrisonburg,virginia,1109,3,46,314
1824,2020-08-19,harrisonburg,virginia,1115,6,46,381
1825,2020-08-20,harrisonburg,virginia,1115,0,64,436
1826,2020-08-21,harrisonburg,virginia,1119,4,84,468
1827,2020-08-22,harrisonburg,virginia,1124,5,116,541
1828,2020-08-23,harrisonburg,virginia,1130,6,155,605
1829,2020-08-24,harrisonburg,virginia,1143,13,203,650
1830,2020-08-25,harrisonburg,virginia,1155,12,268,781
1831,2020-08-26,harrisonburg,virginia,1161,6,335,828
1832,2020-08-27,harrisonburg,virginia,1179,18,372,857
1833,2020-08-28,harrisonburg,virginia,1203,24,384,887
1834,2020-08-29,harrisonburg,virginia,1240,37,425,903
1835,2020-08-30,harrisonburg,virginia,1285,45,450,863
1836,2020-08-31,harrisonburg,virginia,1346,61,447,838
1837,2020-09-01,harrisonburg,virginia,1423,77,513,846
1838,2020-09-02,harrisonburg,virginia,1496,73,493,797
1839,2020-09-03,harrisonburg,virginia,1551,55,485,792
1840,2020-09-04,harrisonburg,virginia,1587,36,503,818
1841,2020-09-05,harrisonburg,virginia,1665,78,478,755
1842,2020-09-06,harrisonburg,virginia,1735,70,413,723
1843,2020-09-07,harrisonburg,virginia,1793,58,391,695
1844,2020-09-08,harrisonburg,virginia,1936,143,333,588
1845,2020-09-09,harrisonburg,virginia,1989,53,304,552
1846,2020-09-10,harrisonburg,virginia,2036,47,307,528
1847,2020-09-11,harrisonburg,virginia,2090,54,315,488
1848,2020-09-12,harrisonburg,virginia,2143,53,277,465
1849,2020-09-13,harrisonburg,virginia,2148,5,310,483
1850,2020-09-14,harrisonburg,virginia,2184,36,304,452
1851,2020-09-15,harrisonburg,virginia,2269,85,255,383
1852,2020-09-16,harrisonburg,virginia,2293,24,248,374
1853,2020-09-17,harrisonburg,virginia,2343,50,221,327
1854,2020-09-18,harrisonburg,virginia,2405,62,173,271
1855,2020-09-19,harrisonburg,virginia,2420,15,188,268
1856,2020-09-20,harrisonburg,virginia,2458,38,173,237
1857,2020-09-21,harrisonburg,virginia,2488,30,148,222
1858,2020-09-22,harrisonburg,virginia,2524,36,128,215
1859,2020-09-23,harrisonburg,virginia,2541,17,126,216
1860,2020-09-24,harrisonburg,virginia,2564,23,106,220
1861,2020-09-25,harrisonburg,virginia,2578,14,98,230
1862,2020-09-26,harrisonburg,virginia,2608,30,80,212
1863,2020-09-27,harrisonburg,virginia,2631,23,64,198
1864,2020-09-28,harrisonburg,virginia,2636,5,74,211
1865,2020-09-29,harrisonburg,virginia,2652,16,87,212
1866,2020-09-30,harrisonburg,virginia,2667,15,90,209
1867,2020-10-01,harrisonburg,virginia,2670,3,114,212
1868,2020-10-02,harrisonburg,virginia,2676,6,132,228
1869,2020-10-03,harrisonburg,virginia,2688,12,132,219
1870,2020-10-04,harrisonburg,virginia,2695,7,134,224
1871,2020-10-05,harrisonburg,virginia,2710,15,137,221
1872,2020-10-06,harrisonburg,virginia,2739,29,125,195
1873,2020-10-07,harrisonburg,virginia,2757,18,119,188
1874,2020-10-08,harrisonburg,virginia,2784,27,98,170
1875,2020-10-09,harrisonburg,virginia,2808,24,96,154
1876,2020-10-10,harrisonburg,virginia,2820,12,87,165
1877,2020-10-11,harrisonburg,virginia,2829,9,90,159
1878,2020-10-12,harrisonburg,virginia,2847,18,84,155
1879,2020-10-13,harrisonburg,virginia,2864,17,70,168
1880,2020-10-14,harrisonburg,virginia,2876,12,69,164
1881,2020-10-15,harrisonburg,virginia,2882,6,72,168
1882,2020-10-16,harrisonburg,virginia,2904,22,58,209
1883,2020-10-17,harrisonburg,virginia,2907,3,78,220
1884,2020-10-18,harrisonburg,virginia,2919,12,69,216
1885,2020-10-19,harrisonburg,virginia,2931,12,71,205
1886,2020-10-20,harrisonburg,virginia,2934,3,98,212
1887,2020-10-21,harrisonburg,virginia,2945,11,95,208
1888,2020-10-22,harrisonburg,virginia,2954,9,96,207
1889,2020-10-23,harrisonburg,virginia,2962,8,151,221
1890,2020-10-24,harrisonburg,virginia,2985,23,142,212
1891,2020-10-25,harrisonburg,virginia,2988,3,147,209
1892,2020-10-26,harrisonburg,virginia,3002,14,134,203
1893,2020-10-27,harrisonburg,virginia,3032,30,114,185
1894,2020-10-28,harrisonburg,virginia,3040,8,113,184
1895,2020-10-29,harrisonburg,virginia,3050,10,111,175
1896,2020-10-30,harrisonburg,virginia,3113,63,70,122
1897,2020-10-31,harrisonburg,virginia,3127,14,70,120
1898,2020-11-01,harrisonburg,virginia,3135,8,62,112
1899,2020-11-02,harrisonburg,virginia,3136,1,69,120
1900,2020-11-03,harrisonburg,virginia,3146,10,71,145
1901,2020-11-04,harrisonburg,virginia,3153,7,71,143
1902,2020-11-05,harrisonburg,virginia,3161,8,64,135
1903,2020-11-06,harrisonburg,virginia,3183,22,52,136
1904,2020-11-07,harrisonburg,virginia,3197,14,50,150
1905,2020-11-08,harrisonburg,virginia,3197,0,50,162
1906,2020-11-09,harrisonburg,virginia,3205,8,51,169
1907,2020-11-10,harrisonburg,virginia,3217,12,74,173
1908,2020-11-11,harrisonburg,virginia,3224,7,72,173
1909,2020-11-12,harrisonburg,virginia,3225,1,71,197
1910,2020-11-13,harrisonburg,virginia,3235,10,84,189
1911,2020-11-14,harrisonburg,virginia,3247,12,100,214
1912,2020-11-15,harrisonburg,virginia,3247,0,112,224
1913,2020-11-16,harrisonburg,virginia,3256,9,118,216
1914,2020-11-17,harrisonburg,virginia,3291,35,99,191
1915,2020-11-18,harrisonburg,virginia,3296,5,101,197
1916,2020-11-19,harrisonburg,virginia,3296,0,126,202
1917,2020-11-20,harrisonburg,virginia,3319,23,105,210
1918,2020-11-21,harrisonburg,virginia,3347,28,114,218
1919,2020-11-22,harrisonburg,virginia,3359,12,112,
1920,2020-11-23,harrisonburg,virginia,3374,15,98,
1921,2020-11-24,harrisonburg,virginia,3390,16,92,
1922,2020-11-25,harrisonburg,virginia,3397,7,96,
1923,2020-11-26,harrisonburg,virginia,3422,25,76,
1924,2020-11-27,harrisonburg,virginia,3424,2,105,
1925,2020-11-28,harrisonburg,virginia,3461,37,104,
1926,2020-11-29,harrisonburg,virginia,3471,10,,
1927,2020-11-30,harrisonburg,virginia,3472,1,,
1928,2020-12-01,harrisonburg,virginia,3482,10,,
1929,2020-12-02,harrisonburg,virginia,3493,11,,
1930,2020-12-03,harrisonburg,virginia,3498,5,,
1931,2020-12-04,harrisonburg,virginia,3529,31,,
1932,2020-12-05,harrisonburg,virginia,3565,36,,
